4:47:22 PM [Sandbox] Pattern !.yarn/patches found in .gitignore. ".yarn/patches" will not be watched if other patterns in .gitignore are excluding it.
4:47:22 PM [Sandbox] Pattern !.yarn/plugins found in .gitignore. ".yarn/plugins" will not be watched if other patterns in .gitignore are excluding it.
4:47:22 PM [Sandbox] Pattern !.yarn/releases found in .gitignore. ".yarn/releases" will not be watched if other patterns in .gitignore are excluding it.
4:47:22 PM [Sandbox] Pattern !.yarn/versions found in .gitignore. ".yarn/versions" will not be watched if other patterns in .gitignore are excluding it.
  
  Amplify Sandbox
  
  Identifier: 	nihal
  Stack: 	amplify-realtimecollab-nihal-sandbox-a128d37061
  Region: 	us-east-1
  
  To specify a different sandbox identifier, use --identifier

4:47:22 PM Synthesizing backend...
4:47:23 PM ✔ Backend synthesized in 1.18 seconds
4:47:23 PM Running type checks...
4:48:09 PM ✔ Type checks completed in 45.81 seconds
4:48:09 PM [ERROR] [SyntaxError] TypeScript validation check failed.
Resolution: Fix the syntax and type errors in your backend definition.
Details: amplify/backend.ts:91:34 - error TS2561: Object literal may only specify known properties, but 'hours' does not exist in type 'Duration'. Did you mean to write 'toHours'?

91   schedule: EventSchedule.rate({ hours: 1 }), // Run every hour
                                    ~~~~~

4:48:09 PM [Sandbox] Watching for file changes...
  
  Amplify Sandbox
  
  Identifier: 	nihal
  Stack: 	amplify-realtimecollab-nihal-sandbox-a128d37061
  Region: 	us-east-1
  
  To specify a different sandbox identifier, use --identifier

  
  Amplify Sandbox
  
  Identifier: 	nihal
  Stack: 	amplify-realtimecollab-nihal-sandbox-a128d37061
  Region: 	us-east-1
  
  To specify a different sandbox identifier, use --identifier

4:48:24 PM [Sandbox] Triggered due to a file create event: amplify/backend.ts
4:48:24 PM [Sandbox] Triggered due to a file delete event: amplify/backend.ts.tmp.10095.1757191704150
4:48:24 PM Synthesizing backend...
4:48:24 PM ✔ Backend synthesized in 0.2 seconds
4:48:24 PM Running type checks...
4:48:32 PM [Sandbox] Triggered due to a file delete event: amplify/backend.ts.tmp.10095.1757191712831
4:48:32 PM [Sandbox] Previous deployment is still in progress. Will queue for another deployment after this one finishes
4:48:32 PM [Sandbox] Triggered due to a file create event: amplify/backend.ts
4:48:32 PM [Sandbox] Triggered due to a file delete event: amplify/backend.ts.tmp.10095.1757191712831
4:48:32 PM [Sandbox] Previous deployment is still in progress. Will queue for another deployment after this one finishes
4:49:10 PM ✔ Type checks completed in 46.28 seconds
4:49:10 PM [ERROR] [SyntaxError] TypeScript validation check failed.
Resolution: Fix the syntax and type errors in your backend definition.
Details: amplify/backend.ts:92:34 - error TS2561: Object literal may only specify known properties, but 'hours' does not exist in type 'Duration'. Did you mean to write 'toHours'?

92   schedule: EventSchedule.rate({ hours: 1 }), // Run every hour
                                    ~~~~~

  
  Amplify Sandbox
  
  Identifier: 	nihal
  Stack: 	amplify-realtimecollab-nihal-sandbox-a128d37061
  Region: 	us-east-1
  
  To specify a different sandbox identifier, use --identifier

4:49:10 PM [Sandbox] Detected file changes while previous deployment was in progress. Invoking 'sandbox' again
4:49:11 PM Synthesizing backend...
4:49:11 PM ✔ Backend synthesized in 0.19 seconds
4:49:11 PM Running type checks...
4:49:57 PM ✔ Type checks completed in 46.34 seconds
4:49:57 PM [ERROR] [BackendBuildError] Unable to deploy due to CDK Assembly Error
  ∟ Caused by: [AssemblyError] Assembly builder failed
    ∟ Caused by: [InvalidSchemaError] Unable to find associated relationship definition in Repository for Deployment.repository: Repository @belongsTo(references: ['repositoryId'])
      ∟ Caused by: [Error] Unable to find associated relationship definition in Repository for Deployment.repository: Repository @belongsTo(references: ['repositoryId'])
    Resolution: Check your data schema definition for syntax and type errors.
Resolution: Check the Caused by error and fix any issues in your backend code
4:49:57 PM [Sandbox] Watching for file changes...
  
  Amplify Sandbox
  
  Identifier: 	nihal
  Stack: 	amplify-realtimecollab-nihal-sandbox-a128d37061
  Region: 	us-east-1
  
  To specify a different sandbox identifier, use --identifier

  
  Amplify Sandbox
  
  Identifier: 	nihal
  Stack: 	amplify-realtimecollab-nihal-sandbox-a128d37061
  Region: 	us-east-1
  
  To specify a different sandbox identifier, use --identifier

4:51:19 PM [Sandbox] Triggered due to a file create event: amplify/data/resource.ts
4:51:19 PM [Sandbox] Triggered due to a file delete event: amplify/data/resource.ts.tmp.10095.1757191879259
4:51:19 PM Synthesizing backend...
4:51:19 PM ✔ Backend synthesized in 0.2 seconds
4:51:19 PM Running type checks...
4:51:27 PM [Sandbox] Triggered due to a file create event: amplify/data/resource.ts.tmp.10095.1757191887210
4:51:27 PM [Sandbox] Previous deployment is still in progress. Will queue for another deployment after this one finishes
4:51:27 PM [Sandbox] Triggered due to a file create event: amplify/data/resource.ts
4:51:27 PM [Sandbox] Triggered due to a file delete event: amplify/data/resource.ts.tmp.10095.1757191887210
4:51:27 PM [Sandbox] Previous deployment is still in progress. Will queue for another deployment after this one finishes
4:52:27 PM ✔ Type checks completed in 68.14 seconds
4:52:27 PM [ERROR] [BackendBuildError] Unable to deploy due to CDK Assembly Error
  ∟ Caused by: [AssemblyError] Assembly builder failed
    ∟ Caused by: [InvalidSchemaError] Unable to find associated relationship definition in Build for Deployment.build: Build @belongsTo(references: ['buildId'])
      ∟ Caused by: [Error] Unable to find associated relationship definition in Build for Deployment.build: Build @belongsTo(references: ['buildId'])
    Resolution: Check your data schema definition for syntax and type errors.
Resolution: Check the Caused by error and fix any issues in your backend code
  
  Amplify Sandbox
  
  Identifier: 	nihal
  Stack: 	amplify-realtimecollab-nihal-sandbox-a128d37061
  Region: 	us-east-1
  
  To specify a different sandbox identifier, use --identifier

4:52:27 PM [Sandbox] Detected file changes while previous deployment was in progress. Invoking 'sandbox' again
4:52:28 PM Synthesizing backend...
4:52:28 PM ✔ Backend synthesized in 0.2 seconds
4:52:28 PM Running type checks...
4:53:40 PM ✔ Type checks completed in 72.61 seconds
4:53:40 PM [ERROR] [BackendBuildError] Unable to deploy due to CDK Assembly Error
  ∟ Caused by: [AssemblyError] Assembly builder failed
    ∟ Caused by: [InvalidSchemaError] Unable to find associated relationship definition in Build for Deployment.build: Build @belongsTo(references: ['buildId'])
      ∟ Caused by: [Error] Unable to find associated relationship definition in Build for Deployment.build: Build @belongsTo(references: ['buildId'])
    Resolution: Check your data schema definition for syntax and type errors.
Resolution: Check the Caused by error and fix any issues in your backend code
4:53:40 PM [Sandbox] Watching for file changes...
  
  Amplify Sandbox
  
  Identifier: 	nihal
  Stack: 	amplify-realtimecollab-nihal-sandbox-a128d37061
  Region: 	us-east-1
  
  To specify a different sandbox identifier, use --identifier

  
  Amplify Sandbox
  
  Identifier: 	nihal
  Stack: 	amplify-realtimecollab-nihal-sandbox-a128d37061
  Region: 	us-east-1
  
  To specify a different sandbox identifier, use --identifier

4:53:44 PM [Sandbox] Triggered due to a file create event: amplify/data/resource.ts
4:53:44 PM [Sandbox] Triggered due to a file delete event: amplify/data/resource.ts.tmp.10095.1757192024425
4:53:44 PM Synthesizing backend...
4:53:44 PM ✔ Backend synthesized in 0.2 seconds
4:53:44 PM Running type checks...
4:55:04 PM ✔ Type checks completed in 79.74 seconds
4:55:04 PM [ERROR] [BackendBuildError] Unable to deploy due to CDK Assembly Error
  ∟ Caused by: [AssemblyError] Assembly builder failed
    ∟ Caused by: [InvalidSchemaError] Unable to find associated relationship definition in Deployment for Deployment.rollbackFrom: Deployment @belongsTo(references: ['rollbackFromId'])
      ∟ Caused by: [Error] Unable to find associated relationship definition in Deployment for Deployment.rollbackFrom: Deployment @belongsTo(references: ['rollbackFromId'])
    Resolution: Check your data schema definition for syntax and type errors.
Resolution: Check the Caused by error and fix any issues in your backend code
4:55:04 PM [Sandbox] Watching for file changes...
  
  Amplify Sandbox
  
  Identifier: 	nihal
  Stack: 	amplify-realtimecollab-nihal-sandbox-a128d37061
  Region: 	us-east-1
  
  To specify a different sandbox identifier, use --identifier

  
  Amplify Sandbox
  
  Identifier: 	nihal
  Stack: 	amplify-realtimecollab-nihal-sandbox-a128d37061
  Region: 	us-east-1
  
  To specify a different sandbox identifier, use --identifier

4:56:00 PM [Sandbox] Triggered due to a file create event: amplify/data/resource.ts
4:56:00 PM [Sandbox] Triggered due to a file delete event: amplify/data/resource.ts.tmp.10095.1757192160664
4:56:00 PM Synthesizing backend...
4:56:01 PM [WARNING] aws-cdk-lib.aws_lambda.FunctionOptions#logRetention is deprecated.
4:56:01 PM   use `logGroup` instead
4:56:01 PM   This API will be removed in the next major release.
4:56:01 PM 
4:56:01 PM [WARNING] aws-cdk-lib.aws_lambda.FunctionOptions#logRetention is deprecated.
4:56:01 PM   use `logGroup` instead
4:56:01 PM   This API will be removed in the next major release.
4:56:01 PM 
4:56:02 PM [WARNING] aws-cdk-lib.aws_lambda.FunctionOptions#logRetention is deprecated.
4:56:02 PM   use `logGroup` instead
4:56:02 PM   This API will be removed in the next major release.
4:56:02 PM 
4:56:02 PM [WARNING] aws-cdk-lib.aws_lambda.FunctionOptions#logRetention is deprecated.
4:56:02 PM   use `logGroup` instead
4:56:02 PM   This API will be removed in the next major release.
4:56:02 PM 
4:56:02 PM Be careful when using @auth directives on a field in a root type. @auth directives on field definitions use the source object to perform authorization logic and the source will be an empty object for fields on root types. Static group authorization should perform as expected.
4:56:02 PM 
4:56:02 PM Be careful when using @auth directives on a field in a root type. @auth directives on field definitions use the source object to perform authorization logic and the source will be an empty object for fields on root types. Static group authorization should perform as expected.
4:56:02 PM 
4:56:03 PM WARNING: owners may reassign ownership for the following model(s) and role(s): User: [email], Repository: [owner], PullRequest: [owner], Team: [ownerId], TeamMember: [userId], OnboardingProgress: [userId], AICodeReview: [userId], DeveloperWellnessMetrics: [userId], WellnessInsight: [userId]. If this is not intentional, you may want to apply field-level authorization rules to these fields. To read more: https://docs.amplify.aws/cli/graphql/authorization-rules/#per-user--owner-based-data-access.
4:56:03 PM 
4:56:03 PM [WARNING] aws-cdk-lib.aws_lambda.FunctionOptions#logRetention is deprecated.
4:56:03 PM   use `logGroup` instead
4:56:03 PM   This API will be removed in the next major release.
4:56:03 PM 
4:56:03 PM [WARNING] aws-cdk-lib.aws_lambda.FunctionOptions#logRetention is deprecated.
4:56:03 PM   use `logGroup` instead
4:56:03 PM   This API will be removed in the next major release.
4:56:03 PM 
4:56:04 PM [WARNING] aws-cdk-lib.aws_lambda.FunctionOptions#logRetention is deprecated.
4:56:04 PM   use `logGroup` instead
4:56:04 PM   This API will be removed in the next major release.
4:56:04 PM 
4:56:04 PM [WARNING] aws-cdk-lib.aws_lambda.FunctionOptions#logRetention is deprecated.
4:56:04 PM   use `logGroup` instead
4:56:04 PM   This API will be removed in the next major release.
4:56:04 PM 
4:56:04 PM [WARNING] aws-cdk-lib.aws_lambda.FunctionOptions#logRetention is deprecated.
4:56:04 PM   use `logGroup` instead
4:56:04 PM   This API will be removed in the next major release.
4:56:04 PM 
4:56:04 PM [WARNING] aws-cdk-lib.aws_lambda.FunctionOptions#logRetention is deprecated.
4:56:04 PM   use `logGroup` instead
4:56:04 PM   This API will be removed in the next major release.
4:56:04 PM 
4:56:04 PM [WARNING] aws-cdk-lib.aws_lambda.FunctionOptions#logRetention is deprecated.
4:56:04 PM   use `logGroup` instead
4:56:04 PM   This API will be removed in the next major release.
4:56:04 PM 
4:56:04 PM [WARNING] aws-cdk-lib.aws_lambda.FunctionOptions#logRetention is deprecated.
4:56:04 PM   use `logGroup` instead
4:56:04 PM   This API will be removed in the next major release.
4:56:04 PM 
4:56:06 PM ✔ Backend synthesized in 5.94 seconds
4:56:06 PM Running type checks...
4:57:40 PM ✔ Type checks completed in 94 seconds
4:57:40 PM Building and publishing assets...
4:57:45 PM ✔ Built and published assets
amplify-realtimecollab-nihal-sandbox-a128d37061 |   0 | 4:57:55 PM | UPDATE_IN_PROGRESS | AWS::CloudFormation::Stack | amplify-realtimecollab-nihal-sandbox-a128d37061 User Initiated
amplify-realtimecollab-nihal-sandbox-a128d37061 |   0 | 4:57:58 PM | UPDATE_IN_PROGRESS | AWS::CloudFormation::Stack | auth.NestedStack/auth.NestedStackResource (auth179371D7)
amplify-realtimecollab-nihal-sandbox-a128d37061 |   1 | 4:57:58 PM | UPDATE_COMPLETE | AWS::CloudFormation::Stack | auth.NestedStack/auth.NestedStackResource (auth179371D7)
amplify-realtimecollab-nihal-sandbox-a128d37061 |   1 | 4:57:59 PM | UPDATE_IN_PROGRESS | AWS::CloudFormation::Stack | function.NestedStack/function.NestedStackResource (function1351588B)
amplify-realtimecollab-nihal-sandbox-a128d37061 |   1 | 4:57:59 PM | UPDATE_IN_PROGRESS | AWS::CloudFormation::Stack | data.NestedStack/data.NestedStackResource (data7552DF31)
amplify-realtimecollab-nihal-sandbox-a128d37061-function1351588B-K477SFBL2QXG |   1 | 4:58:00 PM | UPDATE_IN_PROGRESS | AWS::CloudFormation::Stack | amplify-realtimecollab-nihal-sandbox-a128d37061-function1351588B-K477SFBL2QXG User Initiated
amplify-realtimecollab-nihal-sandbox-a128d37061-data7552DF31-8IQXOVAWUOV |   1 | 4:58:00 PM | UPDATE_IN_PROGRESS | AWS::CloudFormation::Stack | amplify-realtimecollab-nihal-sandbox-a128d37061-data7552DF31-8IQXOVAWUOV User Initiated
amplify-realtimecollab-nihal-sandbox-a128d37061-function1351588B-K477SFBL2QXG |   1 | 4:58:03 PM | CREATE_IN_PROGRESS | AWS::IAM::Role | function/calculate-dora-metrics-lambda/ServiceRole (calculatedorametricslambdaServiceRole682FE8C5)
amplify-realtimecollab-nihal-sandbox-a128d37061-function1351588B-K477SFBL2QXG |   1 | 4:58:04 PM | CREATE_IN_PROGRESS | AWS::IAM::Role | function/calculate-dora-metrics-lambda/ServiceRole (calculatedorametricslambdaServiceRole682FE8C5) Resource creation Initiated
amplify-realtimecollab-nihal-sandbox-a128d37061-data7552DF31-8IQXOVAWUOV |   1 | 4:58:05 PM | UPDATE_IN_PROGRESS | Custom::CDKBucketDeployment | data/modelIntrospectionSchemaBucketDeployment/CustomResource-1536MiB/Default (modelIntrospectionSchemaBucketDeploymentCustomResource1536MiB104B97EC)
amplify-realtimecollab-nihal-sandbox-a128d37061-data7552DF31-8IQXOVAWUOV |   1 | 4:58:05 PM | UPDATE_IN_PROGRESS | AWS::CloudFormation::Stack | data/amplifyData/AmplifyTableManager.NestedStack/AmplifyTableManager.NestedStackResource (amplifyDataAmplifyTableManagerNestedStackAmplifyTableManagerNestedStackResource86290833)
amplify-realtimecollab-nihal-sandbox-a128d37061-data7552DF31-8IQXOVAWUOV |   1 | 4:58:05 PM | UPDATE_IN_PROGRESS | AWS::AppSync::GraphQLSchema | data/amplifyData/GraphQLAPI/TransformerSchema (amplifyDataGraphQLAPITransformerSchemaFF50A789)
amplify-realtimecollab-nihal-sandbox-a128d37061-data7552DF31-8IQXOVAWUOV |   1 | 4:58:05 PM | UPDATE_IN_PROGRESS | AWS::AppSync::ApiKey | data/amplifyData/GraphQLAPI/DefaultApiKey (amplifyDataGraphQLAPIDefaultApiKey1C8ED374)
amplify-realtimecollab-nihal-sandbox-a128d37061-data7552DF31-8IQXOVAWUOV |   1 | 4:58:05 PM | UPDATE_IN_PROGRESS | Custom::CDKBucketDeployment | data/amplifyData/AmplifyCodegenAssets/AmplifyCodegenAssetsDeployment/CustomResource-1536MiB/Default (amplifyDataAmplifyCodegenAssetsAmplifyCodegenAssetsDeploymentCustomResource1536MiB21775929)
amplify-realtimecollab-nihal-sandbox-a128d37061-data7552DF31-8IQXOVAWUOV |   1 | 4:58:06 PM | UPDATE_IN_PROGRESS | AWS::Lambda::Function | data/sync-github-data-lambda (syncgithubdatalambda5CE8461A)
amplify-realtimecollab-nihal-sandbox-a128d37061-data7552DF31-8IQXOVAWUOV |   2 | 4:58:06 PM | UPDATE_COMPLETE | AWS::CloudFormation::Stack | data/amplifyData/AmplifyTableManager.NestedStack/AmplifyTableManager.NestedStackResource (amplifyDataAmplifyTableManagerNestedStackAmplifyTableManagerNestedStackResource86290833)
amplify-realtimecollab-nihal-sandbox-a128d37061-data7552DF31-8IQXOVAWUOV |   3 | 4:58:06 PM | UPDATE_COMPLETE | AWS::AppSync::ApiKey | data/amplifyData/GraphQLAPI/DefaultApiKey (amplifyDataGraphQLAPIDefaultApiKey1C8ED374)
amplify-realtimecollab-nihal-sandbox-a128d37061-data7552DF31-8IQXOVAWUOV |   4 | 4:58:09 PM | UPDATE_COMPLETE | Custom::CDKBucketDeployment | data/modelIntrospectionSchemaBucketDeployment/CustomResource-1536MiB/Default (modelIntrospectionSchemaBucketDeploymentCustomResource1536MiB104B97EC)
amplify-realtimecollab-nihal-sandbox-a128d37061-data7552DF31-8IQXOVAWUOV |   5 | 4:58:10 PM | UPDATE_COMPLETE | Custom::CDKBucketDeployment | data/amplifyData/AmplifyCodegenAssets/AmplifyCodegenAssetsDeployment/CustomResource-1536MiB/Default (amplifyDataAmplifyCodegenAssetsAmplifyCodegenAssetsDeploymentCustomResource1536MiB21775929)
amplify-realtimecollab-nihal-sandbox-a128d37061-data7552DF31-8IQXOVAWUOV |   6 | 4:58:14 PM | UPDATE_COMPLETE | AWS::Lambda::Function | data/sync-github-data-lambda (syncgithubdatalambda5CE8461A)
amplify-realtimecollab-nihal-sandbox-a128d37061-data7552DF31-8IQXOVAWUOV |   7 | 4:58:17 PM | UPDATE_COMPLETE | AWS::AppSync::GraphQLSchema | data/amplifyData/GraphQLAPI/TransformerSchema (amplifyDataGraphQLAPITransformerSchemaFF50A789)
amplify-realtimecollab-nihal-sandbox-a128d37061-data7552DF31-8IQXOVAWUOV |   7 | 4:58:18 PM | CREATE_IN_PROGRESS | AWS::CloudFormation::Stack | data/amplifyData/DoraMetrics.NestedStack/DoraMetrics.NestedStackResource (amplifyDataDoraMetricsNestedStackDoraMetricsNestedStackResource4154DF82)
amplify-realtimecollab-nihal-sandbox-a128d37061-data7552DF31-8IQXOVAWUOV |   7 | 4:58:18 PM | CREATE_IN_PROGRESS | AWS::CloudFormation::Stack | data/amplifyData/Deployment.NestedStack/Deployment.NestedStackResource (amplifyDataDeploymentNestedStackDeploymentNestedStackResource4816B2CF)
amplify-realtimecollab-nihal-sandbox-a128d37061-data7552DF31-8IQXOVAWUOV |   7 | 4:58:18 PM | UPDATE_IN_PROGRESS | AWS::CloudFormation::Stack | data/amplifyData/Repository.NestedStack/Repository.NestedStackResource (amplifyDataRepositoryNestedStackRepositoryNestedStackResourceE39910F2)
amplify-realtimecollab-nihal-sandbox-a128d37061-data7552DF31-8IQXOVAWUOV |   7 | 4:58:18 PM | UPDATE_IN_PROGRESS | AWS::CloudFormation::Stack | data/amplifyData/Build.NestedStack/Build.NestedStackResource (amplifyDataBuildNestedStackBuildNestedStackResourceF3C9361E)
amplify-realtimecollab-nihal-sandbox-a128d37061-data7552DF31-8IQXOVAWUOV |   7 | 4:58:18 PM | UPDATE_IN_PROGRESS | AWS::CloudFormation::Stack | data/amplifyData/User.NestedStack/User.NestedStackResource (amplifyDataUserNestedStackUserNestedStackResource9488907F)
amplify-realtimecollab-nihal-sandbox-a128d37061-data7552DF31-8IQXOVAWUOV |   7 | 4:58:18 PM | UPDATE_IN_PROGRESS | AWS::CloudFormation::Stack | data/amplifyData/Team.NestedStack/Team.NestedStackResource (amplifyDataTeamNestedStackTeamNestedStackResource39C028EF)
amplify-realtimecollab-nihal-sandbox-a128d37061-data7552DF31-8IQXOVAWUOV |   7 | 4:58:18 PM | UPDATE_IN_PROGRESS | AWS::CloudFormation::Stack | data/amplifyData/AICodeReview.NestedStack/AICodeReview.NestedStackResource (amplifyDataAICodeReviewNestedStackAICodeReviewNestedStackResource50DAB5B8)
amplify-realtimecollab-nihal-sandbox-a128d37061-data7552DF31-8IQXOVAWUOV |   7 | 4:58:18 PM | UPDATE_IN_PROGRESS | AWS::CloudFormation::Stack | data/amplifyData/TeamMember.NestedStack/TeamMember.NestedStackResource (amplifyDataTeamMemberNestedStackTeamMemberNestedStackResourceC4408E76)
amplify-realtimecollab-nihal-sandbox-a128d37061-data7552DF31-8IQXOVAWUOV |   7 | 4:58:18 PM | UPDATE_IN_PROGRESS | AWS::CloudFormation::Stack | data/amplifyData/TeamInvitation.NestedStack/TeamInvitation.NestedStackResource (amplifyDataTeamInvitationNestedStackTeamInvitationNestedStackResource25DEA7B2)
amplify-realtimecollab-nihal-sandbox-a128d37061-data7552DF31-8IQXOVAWUOV |   7 | 4:58:18 PM | UPDATE_IN_PROGRESS | AWS::CloudFormation::Stack | data/amplifyData/SlackNotificationSettings.NestedStack/SlackNotificationSettings.NestedStackResource (amplifyDataSlackNotificationSettingsNestedStackSlackNotificationSettingsNestedStackResource1588122F)
amplify-realtimecollab-nihal-sandbox-a128d37061-data7552DF31-8IQXOVAWUOV |   7 | 4:58:18 PM | UPDATE_IN_PROGRESS | AWS::CloudFormation::Stack | data/amplifyData/WellnessInsight.NestedStack/WellnessInsight.NestedStackResource (amplifyDataWellnessInsightNestedStackWellnessInsightNestedStackResource4AA51913)
amplify-realtimecollab-nihal-sandbox-a128d37061-data7552DF31-8IQXOVAWUOV |   7 | 4:58:18 PM | UPDATE_IN_PROGRESS | AWS::CloudFormation::Stack | data/amplifyData/DeveloperWellnessMetrics.NestedStack/DeveloperWellnessMetrics.NestedStackResource (amplifyDataDeveloperWellnessMetricsNestedStackDeveloperWellnessMetricsNestedStackResourceAF553B15)
amplify-realtimecollab-nihal-sandbox-a128d37061-data7552DF31-8IQXOVAWUOV |   7 | 4:58:18 PM | UPDATE_IN_PROGRESS | AWS::CloudFormation::Stack | data/amplifyData/Activity.NestedStack/Activity.NestedStackResource (amplifyDataActivityNestedStackActivityNestedStackResource65BDA8C7)
amplify-realtimecollab-nihal-sandbox-a128d37061-data7552DF31-8IQXOVAWUOV |   7 | 4:58:18 PM | UPDATE_IN_PROGRESS | AWS::CloudFormation::Stack | data/amplifyData/FunctionDirectiveStack.NestedStack/FunctionDirectiveStack.NestedStackResource (amplifyDataFunctionDirectiveStackNestedStackFunctionDirectiveStackNestedStackResource1246A302)
amplify-realtimecollab-nihal-sandbox-a128d37061-data7552DF31-8IQXOVAWUOV |   7 | 4:58:18 PM | UPDATE_IN_PROGRESS | AWS::CloudFormation::Stack | data/amplifyData/SlackIntegration.NestedStack/SlackIntegration.NestedStackResource (amplifyDataSlackIntegrationNestedStackSlackIntegrationNestedStackResourceB6785AEF)
amplify-realtimecollab-nihal-sandbox-a128d37061-data7552DF31-8IQXOVAWUOV |   7 | 4:58:18 PM | UPDATE_IN_PROGRESS | AWS::CloudFormation::Stack | data/amplifyData/OnboardingProgress.NestedStack/OnboardingProgress.NestedStackResource (amplifyDataOnboardingProgressNestedStackOnboardingProgressNestedStackResourceEA27322E)
amplify-realtimecollab-nihal-sandbox-a128d37061-data7552DF31-8IQXOVAWUOV |   7 | 4:58:18 PM | UPDATE_IN_PROGRESS | AWS::CloudFormation::Stack | data/amplifyData/PullRequest.NestedStack/PullRequest.NestedStackResource (amplifyDataPullRequestNestedStackPullRequestNestedStackResourceC718EFEF)
amplify-realtimecollab-nihal-sandbox-a128d37061-data7552DF31-8IQXOVAWUOV |   7 | 4:58:18 PM | UPDATE_IN_PROGRESS | AWS::CloudFormation::Stack | data/amplifyData/TeamSubscription.NestedStack/TeamSubscription.NestedStackResource (amplifyDataTeamSubscriptionNestedStackTeamSubscriptionNestedStackResourceD3EF1DBA)
amplify-realtimecollab-nihal-sandbox-a128d37061-data7552DF31-8IQXOVAWUOV |   7 | 4:58:19 PM | CREATE_IN_PROGRESS | AWS::CloudFormation::Stack | data/amplifyData/DoraMetrics.NestedStack/DoraMetrics.NestedStackResource (amplifyDataDoraMetricsNestedStackDoraMetricsNestedStackResource4154DF82) Resource creation Initiated
amplify-realtimecollab-nihal-sandbox-a128d37061-data7552DF31-8IQXOVAWUOV |   7 | 4:58:19 PM | CREATE_IN_PROGRESS | AWS::CloudFormation::Stack | data/amplifyData/Deployment.NestedStack/Deployment.NestedStackResource (amplifyDataDeploymentNestedStackDeploymentNestedStackResource4816B2CF) Resource creation Initiated
amplify-realtimecollab-nihal-sandbox-a128d3-amplifyDataTeamNestedStackTeamNestedStackR-18IFBN5O9RODO |   7 | 4:58:19 PM | UPDATE_IN_PROGRESS | AWS::CloudFormation::Stack | amplify-realtimecollab-nihal-sandbox-a128d3-amplifyDataTeamNestedStackTeamNestedStackR-18IFBN5O9RODO User Initiated
amplify-realtimecollab-nihal-sandbox-a128d3-amplifyDataBuildNestedStackBuildNestedStac-1O4H0R8Y1ZC8E |   7 | 4:58:19 PM | UPDATE_IN_PROGRESS | AWS::CloudFormation::Stack | amplify-realtimecollab-nihal-sandbox-a128d3-amplifyDataBuildNestedStackBuildNestedStac-1O4H0R8Y1ZC8E User Initiated
amplify-realtimecollab-nihal-sandbox-a128d37061-data7552DF31-8IQXOVAWUOV |   8 | 4:58:19 PM | UPDATE_COMPLETE | AWS::CloudFormation::Stack | data/amplifyData/User.NestedStack/User.NestedStackResource (amplifyDataUserNestedStackUserNestedStackResource9488907F)
amplify-realtimecollab-nihal-sandbox-a128d37061-data7552DF31-8IQXOVAWUOV |   9 | 4:58:19 PM | UPDATE_COMPLETE | AWS::CloudFormation::Stack | data/amplifyData/TeamMember.NestedStack/TeamMember.NestedStackResource (amplifyDataTeamMemberNestedStackTeamMemberNestedStackResourceC4408E76)
amplify-realtimecollab-nihal-sandbox-a128d37061-data7552DF31-8IQXOVAWUOV |  10 | 4:58:19 PM | UPDATE_COMPLETE | AWS::CloudFormation::Stack | data/amplifyData/Activity.NestedStack/Activity.NestedStackResource (amplifyDataActivityNestedStackActivityNestedStackResource65BDA8C7)
amplify-realtimecollab-nihal-sandbox-a128d37061-data7552DF31-8IQXOVAWUOV |  11 | 4:58:19 PM | UPDATE_COMPLETE | AWS::CloudFormation::Stack | data/amplifyData/WellnessInsight.NestedStack/WellnessInsight.NestedStackResource (amplifyDataWellnessInsightNestedStackWellnessInsightNestedStackResource4AA51913)
amplify-realtimecollab-nihal-sandbox-a128d3-amplifyDataRepositoryNestedStackRepository-G746WCW6AA2C |  11 | 4:58:19 PM | UPDATE_IN_PROGRESS | AWS::CloudFormation::Stack | amplify-realtimecollab-nihal-sandbox-a128d3-amplifyDataRepositoryNestedStackRepository-G746WCW6AA2C User Initiated
amplify-realtimecollab-nihal-sandbox-a128d37061-data7552DF31-8IQXOVAWUOV |  12 | 4:58:19 PM | UPDATE_COMPLETE | AWS::CloudFormation::Stack | data/amplifyData/AICodeReview.NestedStack/AICodeReview.NestedStackResource (amplifyDataAICodeReviewNestedStackAICodeReviewNestedStackResource50DAB5B8)
amplify-realtimecollab-nihal-sandbox-a128d37061-data7552DF31-8IQXOVAWUOV |  13 | 4:58:19 PM | UPDATE_COMPLETE | AWS::CloudFormation::Stack | data/amplifyData/FunctionDirectiveStack.NestedStack/FunctionDirectiveStack.NestedStackResource (amplifyDataFunctionDirectiveStackNestedStackFunctionDirectiveStackNestedStackResource1246A302)
amplify-realtimecollab-nihal-sandbox-a128d37061-data7552DF31-8IQXOVAWUOV |  14 | 4:58:19 PM | UPDATE_COMPLETE | AWS::CloudFormation::Stack | data/amplifyData/OnboardingProgress.NestedStack/OnboardingProgress.NestedStackResource (amplifyDataOnboardingProgressNestedStackOnboardingProgressNestedStackResourceEA27322E)
amplify-realtimecollab-nihal-sandbox-a128d37061-data7552DF31-8IQXOVAWUOV |  15 | 4:58:19 PM | UPDATE_COMPLETE | AWS::CloudFormation::Stack | data/amplifyData/SlackNotificationSettings.NestedStack/SlackNotificationSettings.NestedStackResource (amplifyDataSlackNotificationSettingsNestedStackSlackNotificationSettingsNestedStackResource1588122F)
amplify-realtimecollab-nihal-sandbox-a128d37061-data7552DF31-8IQXOVAWUOV |  16 | 4:58:19 PM | UPDATE_COMPLETE | AWS::CloudFormation::Stack | data/amplifyData/DeveloperWellnessMetrics.NestedStack/DeveloperWellnessMetrics.NestedStackResource (amplifyDataDeveloperWellnessMetricsNestedStackDeveloperWellnessMetricsNestedStackResourceAF553B15)
amplify-realtimecollab-nihal-sandbox-a128d37061-data7552DF31-8IQXOVAWUOV |  17 | 4:58:19 PM | UPDATE_COMPLETE | AWS::CloudFormation::Stack | data/amplifyData/SlackIntegration.NestedStack/SlackIntegration.NestedStackResource (amplifyDataSlackIntegrationNestedStackSlackIntegrationNestedStackResourceB6785AEF)
amplify-realtimecollab-nihal-sandbox-a128d37061-data7552DF31-8IQXOVAWUOV |  18 | 4:58:19 PM | UPDATE_COMPLETE | AWS::CloudFormation::Stack | data/amplifyData/TeamInvitation.NestedStack/TeamInvitation.NestedStackResource (amplifyDataTeamInvitationNestedStackTeamInvitationNestedStackResource25DEA7B2)
amplify-realtimecollab-nihal-sandbox-a128d37061-data7552DF31-8IQXOVAWUOV |  19 | 4:58:19 PM | UPDATE_COMPLETE | AWS::CloudFormation::Stack | data/amplifyData/TeamSubscription.NestedStack/TeamSubscription.NestedStackResource (amplifyDataTeamSubscriptionNestedStackTeamSubscriptionNestedStackResourceD3EF1DBA)
amplify-realtimecollab-nihal-sandbox-a128d37061-data7552DF31-8IQXOVAWUOV |  20 | 4:58:19 PM | UPDATE_COMPLETE | AWS::CloudFormation::Stack | data/amplifyData/PullRequest.NestedStack/PullRequest.NestedStackResource (amplifyDataPullRequestNestedStackPullRequestNestedStackResourceC718EFEF)
amplify-realtimecollab-nihal-sandbox-a128d37061-function1351588B-K477SFBL2QXG |  21 | 4:58:20 PM | CREATE_COMPLETE | AWS::IAM::Role | function/calculate-dora-metrics-lambda/ServiceRole (calculatedorametricslambdaServiceRole682FE8C5)
amplify-realtimecollab-nihal-sandbox-a128d37061-function1351588B-K477SFBL2QXG |  21 | 4:58:20 PM | CREATE_IN_PROGRESS | AWS::Lambda::Function | function/calculate-dora-metrics-lambda (calculatedorametricslambda6E16A3C4)
amplify-realtimecollab-nihal-sandbox-a128d3-amplifyDataDeploymentNestedStackDeployment-17CV4L5928WL3 |  21 | 4:58:22 PM | CREATE_IN_PROGRESS | AWS::AppSync::FunctionConfiguration | data/amplifyData/Deployment/SubscriptiononUpdateDeploymentauth0Function/SubscriptiononUpdateDeploymentauth0Function.AppSyncFunction (SubscriptiononUpdateDeploymentauth0FunctionSubscriptiononUpdateDeploymentauth0FunctionAppSyncFunction57219F75)
amplify-realtimecollab-nihal-sandbox-a128d37061-function1351588B-K477SFBL2QXG |  21 | 4:58:22 PM | CREATE_IN_PROGRESS | AWS::Lambda::Function | function/calculate-dora-metrics-lambda (calculatedorametricslambda6E16A3C4) Resource creation Initiated
amplify-realtimecollab-nihal-sandbox-a128d3-amplifyDataDeploymentNestedStackDeployment-17CV4L5928WL3 |  21 | 4:58:22 PM | CREATE_IN_PROGRESS | AWS::AppSync::FunctionConfiguration | data/amplifyData/Deployment/MutationdeleteDeploymentpostAuth0Function/MutationdeleteDeploymentpostAuth0Function.AppSyncFunction (MutationdeleteDeploymentpostAuth0FunctionMutationdeleteDeploymentpostAuth0FunctionAppSyncFunctionE4FE4F7C)
amplify-realtimecollab-nihal-sandbox-a128d3-amplifyDataDeploymentNestedStackDeployment-17CV4L5928WL3 |  21 | 4:58:22 PM | CREATE_IN_PROGRESS | AWS::AppSync::FunctionConfiguration | data/amplifyData/Deployment/SubscriptiononDeleteDeploymentpostAuth0Function/SubscriptiononDeleteDeploymentpostAuth0Function.AppSyncFunction (SubscriptiononDeleteDeploymentpostAuth0FunctionSubscriptiononDeleteDeploymentpostAuth0FunctionAppSyncFunction014D36E3)
amplify-realtimecollab-nihal-sandbox-a128d3-amplifyDataDeploymentNestedStackDeployment-17CV4L5928WL3 |  21 | 4:58:22 PM | CREATE_IN_PROGRESS | AWS::AppSync::FunctionConfiguration | data/amplifyData/Deployment/MutationcreateDeploymentpostAuth0Function/MutationcreateDeploymentpostAuth0Function.AppSyncFunction (MutationcreateDeploymentpostAuth0FunctionMutationcreateDeploymentpostAuth0FunctionAppSyncFunctionAB5AAF0D)
amplify-realtimecollab-nihal-sandbox-a128d3-amplifyDataDeploymentNestedStackDeployment-17CV4L5928WL3 |  21 | 4:58:22 PM | CREATE_IN_PROGRESS | AWS::AppSync::FunctionConfiguration | data/amplifyData/Deployment/SubscriptiononDeleteDeploymentauth0Function/SubscriptiononDeleteDeploymentauth0Function.AppSyncFunction (SubscriptiononDeleteDeploymentauth0FunctionSubscriptiononDeleteDeploymentauth0FunctionAppSyncFunction5F45D4DE)
amplify-realtimecollab-nihal-sandbox-a128d3-amplifyDataDeploymentNestedStackDeployment-17CV4L5928WL3 |  21 | 4:58:22 PM | CREATE_IN_PROGRESS | Custom::AmplifyDynamoDBTable | data/amplifyData/Deployment/DeploymentTable/Default/Default (DeploymentTable)
amplify-realtimecollab-nihal-sandbox-a128d3-amplifyDataDeploymentNestedStackDeployment-17CV4L5928WL3 |  21 | 4:58:22 PM | CREATE_IN_PROGRESS | AWS::AppSync::FunctionConfiguration | data/amplifyData/Deployment/SubscriptiononCreateDeploymentpostAuth0Function/SubscriptiononCreateDeploymentpostAuth0Function.AppSyncFunction (SubscriptiononCreateDeploymentpostAuth0FunctionSubscriptiononCreateDeploymentpostAuth0FunctionAppSyncFunctionCA0C0689)
amplify-realtimecollab-nihal-sandbox-a128d3-amplifyDataDeploymentNestedStackDeployment-17CV4L5928WL3 |  21 | 4:58:22 PM | CREATE_IN_PROGRESS | AWS::AppSync::FunctionConfiguration | data/amplifyData/Deployment/QuerylistDeploymentspostAuth0Function/QuerylistDeploymentspostAuth0Function.AppSyncFunction (QuerylistDeploymentspostAuth0FunctionQuerylistDeploymentspostAuth0FunctionAppSyncFunction60C4A3BC)
amplify-realtimecollab-nihal-sandbox-a128d3-amplifyDataDeploymentNestedStackDeployment-17CV4L5928WL3 |  21 | 4:58:22 PM | CREATE_IN_PROGRESS | AWS::AppSync::FunctionConfiguration | data/amplifyData/Deployment/MutationupdateDeploymentinit0Function/MutationupdateDeploymentinit0Function.AppSyncFunction (MutationupdateDeploymentinit0FunctionMutationupdateDeploymentinit0FunctionAppSyncFunctionA8EB939D)
amplify-realtimecollab-nihal-sandbox-a128d3-amplifyDataDeploymentNestedStackDeployment-17CV4L5928WL3 |  21 | 4:58:22 PM | CREATE_IN_PROGRESS | AWS::AppSync::FunctionConfiguration | data/amplifyData/Deployment/MutationupdateDeploymentpostAuth0Function/MutationupdateDeploymentpostAuth0Function.AppSyncFunction (MutationupdateDeploymentpostAuth0FunctionMutationupdateDeploymentpostAuth0FunctionAppSyncFunction6030BC2E)
amplify-realtimecollab-nihal-sandbox-a128d3-amplifyDataDeploymentNestedStackDeployment-17CV4L5928WL3 |  21 | 4:58:22 PM | CREATE_IN_PROGRESS | AWS::AppSync::FunctionConfiguration | data/amplifyData/Deployment/MutationdeleteDeploymentpreAuth0Function/MutationdeleteDeploymentpreAuth0Function.AppSyncFunction (MutationdeleteDeploymentpreAuth0FunctionMutationdeleteDeploymentpreAuth0FunctionAppSyncFunction37BAF713)
amplify-realtimecollab-nihal-sandbox-a128d3-amplifyDataDeploymentNestedStackDeployment-17CV4L5928WL3 |  21 | 4:58:22 PM | CREATE_IN_PROGRESS | AWS::AppSync::FunctionConfiguration | data/amplifyData/Deployment/MutationcreateDeploymentauth0Function/MutationcreateDeploymentauth0Function.AppSyncFunction (MutationcreateDeploymentauth0FunctionMutationcreateDeploymentauth0FunctionAppSyncFunctionBE2D7F53)
amplify-realtimecollab-nihal-sandbox-a128d3-amplifyDataDeploymentNestedStackDeployment-17CV4L5928WL3 |  21 | 4:58:22 PM | CREATE_IN_PROGRESS | AWS::AppSync::FunctionConfiguration | data/amplifyData/Deployment/SubscriptionOnDeleteDeploymentDataResolverFn/SubscriptionOnDeleteDeploymentDataResolverFn.AppSyncFunction (SubscriptionOnDeleteDeploymentDataResolverFnSubscriptionOnDeleteDeploymentDataResolverFnAppSyncFunction72345228)
amplify-realtimecollab-nihal-sandbox-a128d3-amplifyDataDeploymentNestedStackDeployment-17CV4L5928WL3 |  21 | 4:58:22 PM | CREATE_IN_PROGRESS | AWS::CDK::Metadata | auth/CDKMetadata/Default (CDKMetadata)
amplify-realtimecollab-nihal-sandbox-a128d3-amplifyDataDeploymentNestedStackDeployment-17CV4L5928WL3 |  21 | 4:58:22 PM | CREATE_IN_PROGRESS | AWS::AppSync::FunctionConfiguration | data/amplifyData/Deployment/SubscriptiononCreateDeploymentauth0Function/SubscriptiononCreateDeploymentauth0Function.AppSyncFunction (SubscriptiononCreateDeploymentauth0FunctionSubscriptiononCreateDeploymentauth0FunctionAppSyncFunction631CCCD2)
amplify-realtimecollab-nihal-sandbox-a128d3-amplifyDataDeploymentNestedStackDeployment-17CV4L5928WL3 |  21 | 4:58:22 PM | CREATE_IN_PROGRESS | AWS::AppSync::FunctionConfiguration | data/amplifyData/Deployment/SubscriptionOnCreateDeploymentDataResolverFn/SubscriptionOnCreateDeploymentDataResolverFn.AppSyncFunction (SubscriptionOnCreateDeploymentDataResolverFnSubscriptionOnCreateDeploymentDataResolverFnAppSyncFunction1057620B)
amplify-realtimecollab-nihal-sandbox-a128d3-amplifyDataDeploymentNestedStackDeployment-17CV4L5928WL3 |  21 | 4:58:22 PM | CREATE_IN_PROGRESS | AWS::AppSync::FunctionConfiguration | data/amplifyData/Deployment/MutationupdateDeploymentpreAuth0Function/MutationupdateDeploymentpreAuth0Function.AppSyncFunction (MutationupdateDeploymentpreAuth0FunctionMutationupdateDeploymentpreAuth0FunctionAppSyncFunction3C9458CF)
amplify-realtimecollab-nihal-sandbox-a128d3-amplifyDataDeploymentNestedStackDeployment-17CV4L5928WL3 |  21 | 4:58:22 PM | CREATE_IN_PROGRESS | AWS::AppSync::FunctionConfiguration | data/amplifyData/Deployment/MutationcreateDeploymentpreAuth0Function/MutationcreateDeploymentpreAuth0Function.AppSyncFunction (MutationcreateDeploymentpreAuth0FunctionMutationcreateDeploymentpreAuth0FunctionAppSyncFunctionFC4A2CB0)
amplify-realtimecollab-nihal-sandbox-a128d3-amplifyDataDeploymentNestedStackDeployment-17CV4L5928WL3 |  21 | 4:58:22 PM | CREATE_IN_PROGRESS | AWS::AppSync::FunctionConfiguration | data/amplifyData/Deployment/QuerylistDeploymentsauth0Function/QuerylistDeploymentsauth0Function.AppSyncFunction (QuerylistDeploymentsauth0FunctionQuerylistDeploymentsauth0FunctionAppSyncFunction0BAA808E)
amplify-realtimecollab-nihal-sandbox-a128d3-amplifyDataDeploymentNestedStackDeployment-17CV4L5928WL3 |  21 | 4:58:22 PM | CREATE_IN_PROGRESS | AWS::AppSync::FunctionConfiguration | data/amplifyData/Deployment/SubscriptiononUpdateDeploymentpostAuth0Function/SubscriptiononUpdateDeploymentpostAuth0Function.AppSyncFunction (SubscriptiononUpdateDeploymentpostAuth0FunctionSubscriptiononUpdateDeploymentpostAuth0FunctionAppSyncFunctionBC556997)
amplify-realtimecollab-nihal-sandbox-a128d3-amplifyDataDeploymentNestedStackDeployment-17CV4L5928WL3 |  21 | 4:58:22 PM | CREATE_IN_PROGRESS | AWS::AppSync::FunctionConfiguration | data/amplifyData/Deployment/QuerygetDeploymentpostAuth0Function/QuerygetDeploymentpostAuth0Function.AppSyncFunction (QuerygetDeploymentpostAuth0FunctionQuerygetDeploymentpostAuth0FunctionAppSyncFunction84F8F10B)
amplify-realtimecollab-nihal-sandbox-a128d3-amplifyDataDeploymentNestedStackDeployment-17CV4L5928WL3 |  21 | 4:58:22 PM | CREATE_IN_PROGRESS | AWS::AppSync::FunctionConfiguration | data/amplifyData/Deployment/MutationcreateDeploymentinit0Function/MutationcreateDeploymentinit0Function.AppSyncFunction (MutationcreateDeploymentinit0FunctionMutationcreateDeploymentinit0FunctionAppSyncFunction29FEDA83)
amplify-realtimecollab-nihal-sandbox-a128d3-amplifyDataDeploymentNestedStackDeployment-17CV4L5928WL3 |  21 | 4:58:22 PM | CREATE_IN_PROGRESS | AWS::IAM::Role | data/amplifyData/Deployment/DeploymentIAMRole (DeploymentIAMRoleC6952F89)
amplify-realtimecollab-nihal-sandbox-a128d3-amplifyDataDeploymentNestedStackDeployment-17CV4L5928WL3 |  21 | 4:58:22 PM | CREATE_IN_PROGRESS | AWS::AppSync::FunctionConfiguration | data/amplifyData/Deployment/QuerylistDeploymentByRepositoryIdAndEnvironmentAndStartedAtauth0Function/QuerylistDeploymentByRepositoryIdAndEnvironmentAndStartedAtauth0Function.AppSyncFunction (QuerylistDeploymentByRepositoryIdAndEnvironmentAndStartedAtauth0FunctionQuerylistDeploymentByRepositoryIdAndEnvironmentAndStartedAtauth0FunctionAppSyncFunctionFCBB582D)
amplify-realtimecollab-nihal-sandbox-a128d3-amplifyDataDeploymentNestedStackDeployment-17CV4L5928WL3 |  21 | 4:58:22 PM | CREATE_IN_PROGRESS | AWS::AppSync::FunctionConfiguration | data/amplifyData/Deployment/SubscriptionOnUpdateDeploymentDataResolverFn/SubscriptionOnUpdateDeploymentDataResolverFn.AppSyncFunction (SubscriptionOnUpdateDeploymentDataResolverFnSubscriptionOnUpdateDeploymentDataResolverFnAppSyncFunctionD0E85066)
amplify-realtimecollab-nihal-sandbox-a128d3-amplifyDataDeploymentNestedStackDeployment-17CV4L5928WL3 |  21 | 4:58:22 PM | CREATE_IN_PROGRESS | AWS::AppSync::FunctionConfiguration | data/amplifyData/Deployment/QuerygetDeploymentauth0Function/QuerygetDeploymentauth0Function.AppSyncFunction (QuerygetDeploymentauth0FunctionQuerygetDeploymentauth0FunctionAppSyncFunctionB8F6F011)
amplify-realtimecollab-nihal-sandbox-a128d3-amplifyDataDeploymentNestedStackDeployment-17CV4L5928WL3 |  21 | 4:58:22 PM | CREATE_IN_PROGRESS | AWS::AppSync::FunctionConfiguration | data/amplifyData/Deployment/QuerylistDeploymentByRepositoryIdAndEnvironmentAndStartedAtpostAuth0Function/QuerylistDeploymentByRepositoryIdAndEnvironmentAndStartedAtpostAuth0Function.AppSyncFunction (QuerylistDeploymentByRepositoryIdAndEnvironmentAndStartedAtpostAuth0FunctionQuerylistDeploymentByRepositoryIdAndEnvironmentAndStartedAtpostAuth0FunctionAppSyncFunctionF75139E2)
amplify-realtimecollab-nihal-sandbox-a128d3-amplifyDataDoraMetricsNestedStackDoraMetri-2IVZC05ZM4IN |  21 | 4:58:23 PM | CREATE_IN_PROGRESS | AWS::AppSync::FunctionConfiguration | data/amplifyData/DoraMetrics/SubscriptionOnUpdateDoraMetricsDataResolverFn/SubscriptionOnUpdateDoraMetricsDataResolverFn.AppSyncFunction (SubscriptionOnUpdateDoraMetricsDataResolverFnSubscriptionOnUpdateDoraMetricsDataResolverFnAppSyncFunction34D27683)
amplify-realtimecollab-nihal-sandbox-a128d3-amplifyDataDoraMetricsNestedStackDoraMetri-2IVZC05ZM4IN |  21 | 4:58:23 PM | CREATE_IN_PROGRESS | Custom::AmplifyDynamoDBTable | data/amplifyData/DoraMetrics/DoraMetricsTable/Default/Default (DoraMetricsTable)
amplify-realtimecollab-nihal-sandbox-a128d3-amplifyDataDoraMetricsNestedStackDoraMetri-2IVZC05ZM4IN |  21 | 4:58:23 PM | CREATE_IN_PROGRESS | AWS::AppSync::FunctionConfiguration | data/amplifyData/DoraMetrics/QuerylistDoraMetricsByTeamIdAndDateAndPeriodpostAuth0Function/QuerylistDoraMetricsByTeamIdAndDateAndPeriodpostAuth0Function.AppSyncFunction (QuerylistDoraMetricsByTeamIdAndDateAndPeriodpostAuth0FunctionQuerylistDoraMetricsByTeamIdAndDateAndPeriodpostAuth0FunctionAppSyncFunctionB4AD72E2)
amplify-realtimecollab-nihal-sandbox-a128d3-amplifyDataDoraMetricsNestedStackDoraMetri-2IVZC05ZM4IN |  21 | 4:58:23 PM | CREATE_IN_PROGRESS | AWS::AppSync::FunctionConfiguration | data/amplifyData/DoraMetrics/MutationupdateDoraMetricsinit0Function/MutationupdateDoraMetricsinit0Function.AppSyncFunction (MutationupdateDoraMetricsinit0FunctionMutationupdateDoraMetricsinit0FunctionAppSyncFunctionF1161CA9)
amplify-realtimecollab-nihal-sandbox-a128d3-amplifyDataDoraMetricsNestedStackDoraMetri-2IVZC05ZM4IN |  21 | 4:58:23 PM | CREATE_IN_PROGRESS | AWS::AppSync::FunctionConfiguration | data/amplifyData/DoraMetrics/MutationdeleteDoraMetricspostAuth0Function/MutationdeleteDoraMetricspostAuth0Function.AppSyncFunction (MutationdeleteDoraMetricspostAuth0FunctionMutationdeleteDoraMetricspostAuth0FunctionAppSyncFunctionF1185B14)
amplify-realtimecollab-nihal-sandbox-a128d3-amplifyDataDoraMetricsNestedStackDoraMetri-2IVZC05ZM4IN |  21 | 4:58:23 PM | CREATE_IN_PROGRESS | AWS::IAM::Role | data/amplifyData/DoraMetrics/DoraMetricsIAMRole (DoraMetricsIAMRoleA5D7DD0B)
amplify-realtimecollab-nihal-sandbox-a128d3-amplifyDataDoraMetricsNestedStackDoraMetri-2IVZC05ZM4IN |  21 | 4:58:23 PM | CREATE_IN_PROGRESS | AWS::AppSync::FunctionConfiguration | data/amplifyData/DoraMetrics/QuerylistDoraMetricsByRepositoryIdAndDateAndPeriodauth0Function/QuerylistDoraMetricsByRepositoryIdAndDateAndPeriodauth0Function.AppSyncFunction (QuerylistDoraMetricsByRepositoryIdAndDateAndPeriodauth0FunctionQuerylistDoraMetricsByRepositoryIdAndDateAndPeriodauth0FunctionAppSyncFunction66993734)
amplify-realtimecollab-nihal-sandbox-a128d3-amplifyDataDoraMetricsNestedStackDoraMetri-2IVZC05ZM4IN |  21 | 4:58:23 PM | CREATE_IN_PROGRESS | AWS::AppSync::FunctionConfiguration | data/amplifyData/DoraMetrics/QuerygetDoraMetricsauth0Function/QuerygetDoraMetricsauth0Function.AppSyncFunction (QuerygetDoraMetricsauth0FunctionQuerygetDoraMetricsauth0FunctionAppSyncFunction8E0693CD)
amplify-realtimecollab-nihal-sandbox-a128d3-amplifyDataDoraMetricsNestedStackDoraMetri-2IVZC05ZM4IN |  21 | 4:58:23 PM | CREATE_IN_PROGRESS | AWS::AppSync::FunctionConfiguration | data/amplifyData/DoraMetrics/MutationupdateDoraMetricspreAuth0Function/MutationupdateDoraMetricspreAuth0Function.AppSyncFunction (MutationupdateDoraMetricspreAuth0FunctionMutationupdateDoraMetricspreAuth0FunctionAppSyncFunctionA32ABE35)
amplify-realtimecollab-nihal-sandbox-a128d3-amplifyDataDoraMetricsNestedStackDoraMetri-2IVZC05ZM4IN |  21 | 4:58:23 PM | CREATE_IN_PROGRESS | AWS::AppSync::FunctionConfiguration | data/amplifyData/DoraMetrics/SubscriptiononCreateDoraMetricspostAuth0Function/SubscriptiononCreateDoraMetricspostAuth0Function.AppSyncFunction (SubscriptiononCreateDoraMetricspostAuth0FunctionSubscriptiononCreateDoraMetricspostAuth0FunctionAppSyncFunction5D042B16)
amplify-realtimecollab-nihal-sandbox-a128d3-amplifyDataDoraMetricsNestedStackDoraMetri-2IVZC05ZM4IN |  21 | 4:58:23 PM | CREATE_IN_PROGRESS | AWS::AppSync::FunctionConfiguration | data/amplifyData/DoraMetrics/QuerygetDoraMetricspostAuth0Function/QuerygetDoraMetricspostAuth0Function.AppSyncFunction (QuerygetDoraMetricspostAuth0FunctionQuerygetDoraMetricspostAuth0FunctionAppSyncFunction29698B0C)
amplify-realtimecollab-nihal-sandbox-a128d3-amplifyDataDoraMetricsNestedStackDoraMetri-2IVZC05ZM4IN |  21 | 4:58:23 PM | CREATE_IN_PROGRESS | AWS::AppSync::FunctionConfiguration | data/amplifyData/DoraMetrics/SubscriptionOnDeleteDoraMetricsDataResolverFn/SubscriptionOnDeleteDoraMetricsDataResolverFn.AppSyncFunction (SubscriptionOnDeleteDoraMetricsDataResolverFnSubscriptionOnDeleteDoraMetricsDataResolverFnAppSyncFunctionE1FFC4A8)
amplify-realtimecollab-nihal-sandbox-a128d3-amplifyDataDoraMetricsNestedStackDoraMetri-2IVZC05ZM4IN |  21 | 4:58:23 PM | CREATE_IN_PROGRESS | AWS::AppSync::FunctionConfiguration | data/amplifyData/DoraMetrics/MutationcreateDoraMetricsauth0Function/MutationcreateDoraMetricsauth0Function.AppSyncFunction (MutationcreateDoraMetricsauth0FunctionMutationcreateDoraMetricsauth0FunctionAppSyncFunction900A0BAD)
amplify-realtimecollab-nihal-sandbox-a128d3-amplifyDataDoraMetricsNestedStackDoraMetri-2IVZC05ZM4IN |  21 | 4:58:23 PM | CREATE_IN_PROGRESS | AWS::AppSync::FunctionConfiguration | data/amplifyData/DoraMetrics/SubscriptiononUpdateDoraMetricspostAuth0Function/SubscriptiononUpdateDoraMetricspostAuth0Function.AppSyncFunction (SubscriptiononUpdateDoraMetricspostAuth0FunctionSubscriptiononUpdateDoraMetricspostAuth0FunctionAppSyncFunction6256D086)
amplify-realtimecollab-nihal-sandbox-a128d3-amplifyDataDoraMetricsNestedStackDoraMetri-2IVZC05ZM4IN |  21 | 4:58:23 PM | CREATE_IN_PROGRESS | AWS::AppSync::FunctionConfiguration | data/amplifyData/DoraMetrics/MutationupdateDoraMetricspostAuth0Function/MutationupdateDoraMetricspostAuth0Function.AppSyncFunction (MutationupdateDoraMetricspostAuth0FunctionMutationupdateDoraMetricspostAuth0FunctionAppSyncFunction9A5E88BE)
amplify-realtimecollab-nihal-sandbox-a128d3-amplifyDataDoraMetricsNestedStackDoraMetri-2IVZC05ZM4IN |  21 | 4:58:23 PM | CREATE_IN_PROGRESS | AWS::AppSync::FunctionConfiguration | data/amplifyData/DoraMetrics/MutationdeleteDoraMetricspreAuth0Function/MutationdeleteDoraMetricspreAuth0Function.AppSyncFunction (MutationdeleteDoraMetricspreAuth0FunctionMutationdeleteDoraMetricspreAuth0FunctionAppSyncFunction1A518E62)
amplify-realtimecollab-nihal-sandbox-a128d3-amplifyDataDoraMetricsNestedStackDoraMetri-2IVZC05ZM4IN |  21 | 4:58:23 PM | CREATE_IN_PROGRESS | AWS::AppSync::FunctionConfiguration | data/amplifyData/DoraMetrics/QuerylistDoraMetricsByRepositoryIdAndDateAndPeriodpostAuth0Function/QuerylistDoraMetricsByRepositoryIdAndDateAndPeriodpostAuth0Function.AppSyncFunction (QuerylistDoraMetricsByRepositoryIdAndDateAndPeriodpostAuth0FunctionQuerylistDoraMetricsByRepositoryIdAndDateAndPeriodpostAuth0FunctionAppSyncFunction5C6042A3)
amplify-realtimecollab-nihal-sandbox-a128d3-amplifyDataDoraMetricsNestedStackDoraMetri-2IVZC05ZM4IN |  21 | 4:58:23 PM | CREATE_IN_PROGRESS | AWS::AppSync::FunctionConfiguration | data/amplifyData/DoraMetrics/MutationdeleteDoraMetricspreAuth1Function/MutationdeleteDoraMetricspreAuth1Function.AppSyncFunction (MutationdeleteDoraMetricspreAuth1FunctionMutationdeleteDoraMetricspreAuth1FunctionAppSyncFunction28E91309)
amplify-realtimecollab-nihal-sandbox-a128d3-amplifyDataDoraMetricsNestedStackDoraMetri-2IVZC05ZM4IN |  21 | 4:58:23 PM | CREATE_IN_PROGRESS | AWS::AppSync::FunctionConfiguration | data/amplifyData/DoraMetrics/MutationupdateDoraMetricspreAuth1Function/MutationupdateDoraMetricspreAuth1Function.AppSyncFunction (MutationupdateDoraMetricspreAuth1FunctionMutationupdateDoraMetricspreAuth1FunctionAppSyncFunctionFA5B6669)
amplify-realtimecollab-nihal-sandbox-a128d3-amplifyDataDoraMetricsNestedStackDoraMetri-2IVZC05ZM4IN |  21 | 4:58:23 PM | CREATE_IN_PROGRESS | AWS::AppSync::FunctionConfiguration | data/amplifyData/DoraMetrics/MutationcreateDoraMetricspostAuth0Function/MutationcreateDoraMetricspostAuth0Function.AppSyncFunction (MutationcreateDoraMetricspostAuth0FunctionMutationcreateDoraMetricspostAuth0FunctionAppSyncFunction7F7C27BE)
amplify-realtimecollab-nihal-sandbox-a128d3-amplifyDataDoraMetricsNestedStackDoraMetri-2IVZC05ZM4IN |  21 | 4:58:23 PM | CREATE_IN_PROGRESS | AWS::AppSync::FunctionConfiguration | data/amplifyData/DoraMetrics/MutationcreateDoraMetricsinit0Function/MutationcreateDoraMetricsinit0Function.AppSyncFunction (MutationcreateDoraMetricsinit0FunctionMutationcreateDoraMetricsinit0FunctionAppSyncFunction4AF3AF91)
amplify-realtimecollab-nihal-sandbox-a128d3-amplifyDataDoraMetricsNestedStackDoraMetri-2IVZC05ZM4IN |  21 | 4:58:23 PM | CREATE_IN_PROGRESS | AWS::AppSync::FunctionConfiguration | data/amplifyData/DoraMetrics/SubscriptiononCreateDoraMetricsauth0Function/SubscriptiononCreateDoraMetricsauth0Function.AppSyncFunction (SubscriptiononCreateDoraMetricsauth0FunctionSubscriptiononCreateDoraMetricsauth0FunctionAppSyncFunction3F5F581A)
amplify-realtimecollab-nihal-sandbox-a128d3-amplifyDataDoraMetricsNestedStackDoraMetri-2IVZC05ZM4IN |  21 | 4:58:23 PM | CREATE_IN_PROGRESS | AWS::CDK::Metadata | auth/CDKMetadata/Default (CDKMetadata)
amplify-realtimecollab-nihal-sandbox-a128d3-amplifyDataDoraMetricsNestedStackDoraMetri-2IVZC05ZM4IN |  21 | 4:58:23 PM | CREATE_IN_PROGRESS | AWS::AppSync::FunctionConfiguration | data/amplifyData/DoraMetrics/SubscriptiononDeleteDoraMetricsauth0Function/SubscriptiononDeleteDoraMetricsauth0Function.AppSyncFunction (SubscriptiononDeleteDoraMetricsauth0FunctionSubscriptiononDeleteDoraMetricsauth0FunctionAppSyncFunction744ACEAA)
amplify-realtimecollab-nihal-sandbox-a128d3-amplifyDataDoraMetricsNestedStackDoraMetri-2IVZC05ZM4IN |  21 | 4:58:23 PM | CREATE_IN_PROGRESS | AWS::AppSync::FunctionConfiguration | data/amplifyData/DoraMetrics/QuerylistDoraMetricsByTeamIdAndDateAndPeriodauth0Function/QuerylistDoraMetricsByTeamIdAndDateAndPeriodauth0Function.AppSyncFunction (QuerylistDoraMetricsByTeamIdAndDateAndPeriodauth0FunctionQuerylistDoraMetricsByTeamIdAndDateAndPeriodauth0FunctionAppSyncFunctionA2FF62A8)
amplify-realtimecollab-nihal-sandbox-a128d3-amplifyDataDoraMetricsNestedStackDoraMetri-2IVZC05ZM4IN |  21 | 4:58:23 PM | CREATE_IN_PROGRESS | AWS::AppSync::FunctionConfiguration | data/amplifyData/DoraMetrics/SubscriptionOnCreateDoraMetricsDataResolverFn/SubscriptionOnCreateDoraMetricsDataResolverFn.AppSyncFunction (SubscriptionOnCreateDoraMetricsDataResolverFnSubscriptionOnCreateDoraMetricsDataResolverFnAppSyncFunction31A8AF0F)
amplify-realtimecollab-nihal-sandbox-a128d3-amplifyDataDoraMetricsNestedStackDoraMetri-2IVZC05ZM4IN |  21 | 4:58:23 PM | CREATE_IN_PROGRESS | AWS::AppSync::FunctionConfiguration | data/amplifyData/DoraMetrics/QuerylistDoraMetricspostAuth0Function/QuerylistDoraMetricspostAuth0Function.AppSyncFunction (QuerylistDoraMetricspostAuth0FunctionQuerylistDoraMetricspostAuth0FunctionAppSyncFunction8B88D42D)
amplify-realtimecollab-nihal-sandbox-a128d3-amplifyDataDoraMetricsNestedStackDoraMetri-2IVZC05ZM4IN |  21 | 4:58:23 PM | CREATE_IN_PROGRESS | AWS::AppSync::FunctionConfiguration | data/amplifyData/DoraMetrics/MutationcreateDoraMetricspreAuth1Function/MutationcreateDoraMetricspreAuth1Function.AppSyncFunction (MutationcreateDoraMetricspreAuth1FunctionMutationcreateDoraMetricspreAuth1FunctionAppSyncFunctionD6870A6D)
amplify-realtimecollab-nihal-sandbox-a128d3-amplifyDataDoraMetricsNestedStackDoraMetri-2IVZC05ZM4IN |  21 | 4:58:23 PM | CREATE_IN_PROGRESS | AWS::AppSync::FunctionConfiguration | data/amplifyData/DoraMetrics/SubscriptiononUpdateDoraMetricsauth0Function/SubscriptiononUpdateDoraMetricsauth0Function.AppSyncFunction (SubscriptiononUpdateDoraMetricsauth0FunctionSubscriptiononUpdateDoraMetricsauth0FunctionAppSyncFunctionF2CE60F5)
amplify-realtimecollab-nihal-sandbox-a128d3-amplifyDataDoraMetricsNestedStackDoraMetri-2IVZC05ZM4IN |  21 | 4:58:23 PM | CREATE_IN_PROGRESS | AWS::AppSync::FunctionConfiguration | data/amplifyData/DoraMetrics/SubscriptiononDeleteDoraMetricspostAuth0Function/SubscriptiononDeleteDoraMetricspostAuth0Function.AppSyncFunction (SubscriptiononDeleteDoraMetricspostAuth0FunctionSubscriptiononDeleteDoraMetricspostAuth0FunctionAppSyncFunctionFC846A90)
amplify-realtimecollab-nihal-sandbox-a128d3-amplifyDataDoraMetricsNestedStackDoraMetri-2IVZC05ZM4IN |  21 | 4:58:23 PM | CREATE_IN_PROGRESS | AWS::AppSync::FunctionConfiguration | data/amplifyData/DoraMetrics/QuerylistDoraMetricsauth0Function/QuerylistDoraMetricsauth0Function.AppSyncFunction (QuerylistDoraMetricsauth0FunctionQuerylistDoraMetricsauth0FunctionAppSyncFunction1BC1FA2B)
amplify-realtimecollab-nihal-sandbox-a128d3-amplifyDataDoraMetricsNestedStackDoraMetri-2IVZC05ZM4IN |  21 | 4:58:23 PM | CREATE_IN_PROGRESS | AWS::AppSync::FunctionConfiguration | data/amplifyData/DoraMetrics/MutationcreateDoraMetricspreAuth0Function/MutationcreateDoraMetricspreAuth0Function.AppSyncFunction (MutationcreateDoraMetricspreAuth0FunctionMutationcreateDoraMetricspreAuth0FunctionAppSyncFunction516EDEFA)
amplify-realtimecollab-nihal-sandbox-a128d3-amplifyDataBuildNestedStackBuildNestedStac-1O4H0R8Y1ZC8E |  21 | 4:58:23 PM | CREATE_IN_PROGRESS | AWS::AppSync::FunctionConfiguration | data/amplifyData/Build/QuerylistBuildByRepositoryIdAndStartedAtpostAuth0Function/QuerylistBuildByRepositoryIdAndStartedAtpostAuth0Function.AppSyncFunction (QuerylistBuildByRepositoryIdAndStartedAtpostAuth0FunctionQuerylistBuildByRepositoryIdAndStartedAtpostAuth0FunctionAppSyncFunction3899801E)
amplify-realtimecollab-nihal-sandbox-a128d3-amplifyDataDeploymentNestedStackDeployment-17CV4L5928WL3 |  21 | 4:58:23 PM | CREATE_IN_PROGRESS | AWS::AppSync::FunctionConfiguration | data/amplifyData/Deployment/SubscriptiononDeleteDeploymentpostAuth0Function/SubscriptiononDeleteDeploymentpostAuth0Function.AppSyncFunction (SubscriptiononDeleteDeploymentpostAuth0FunctionSubscriptiononDeleteDeploymentpostAuth0FunctionAppSyncFunction014D36E3) Resource creation Initiated
amplify-realtimecollab-nihal-sandbox-a128d3-amplifyDataDeploymentNestedStackDeployment-17CV4L5928WL3 |  21 | 4:58:23 PM | CREATE_IN_PROGRESS | AWS::AppSync::FunctionConfiguration | data/amplifyData/Deployment/MutationupdateDeploymentpreAuth0Function/MutationupdateDeploymentpreAuth0Function.AppSyncFunction (MutationupdateDeploymentpreAuth0FunctionMutationupdateDeploymentpreAuth0FunctionAppSyncFunction3C9458CF) Resource creation Initiated
amplify-realtimecollab-nihal-sandbox-a128d3-amplifyDataBuildNestedStackBuildNestedStac-1O4H0R8Y1ZC8E |  21 | 4:58:23 PM | CREATE_IN_PROGRESS | AWS::AppSync::FunctionConfiguration | data/amplifyData/Build/QuerylistBuildByRepositoryIdAndStartedAtauth0Function/QuerylistBuildByRepositoryIdAndStartedAtauth0Function.AppSyncFunction (QuerylistBuildByRepositoryIdAndStartedAtauth0FunctionQuerylistBuildByRepositoryIdAndStartedAtauth0FunctionAppSyncFunction1B63F756)
amplify-realtimecollab-nihal-sandbox-a128d3-amplifyDataDeploymentNestedStackDeployment-17CV4L5928WL3 |  21 | 4:58:23 PM | CREATE_IN_PROGRESS | AWS::AppSync::FunctionConfiguration | data/amplifyData/Deployment/SubscriptiononUpdateDeploymentauth0Function/SubscriptiononUpdateDeploymentauth0Function.AppSyncFunction (SubscriptiononUpdateDeploymentauth0FunctionSubscriptiononUpdateDeploymentauth0FunctionAppSyncFunction57219F75) Resource creation Initiated
amplify-realtimecollab-nihal-sandbox-a128d3-amplifyDataBuildNestedStackBuildNestedStac-1O4H0R8Y1ZC8E |  21 | 4:58:23 PM | UPDATE_IN_PROGRESS | Custom::AmplifyDynamoDBTable | data/amplifyData/Build/BuildTable/Default/Default (BuildTable)
amplify-realtimecollab-nihal-sandbox-a128d3-amplifyDataBuildNestedStackBuildNestedStac-1O4H0R8Y1ZC8E |  21 | 4:58:23 PM | UPDATE_IN_PROGRESS | AWS::AppSync::FunctionConfiguration | data/amplifyData/Build/MutationcreateBuildauth0Function/MutationcreateBuildauth0Function.AppSyncFunction (MutationcreateBuildauth0FunctionMutationcreateBuildauth0FunctionAppSyncFunctionCCBC1014)
amplify-realtimecollab-nihal-sandbox-a128d3-amplifyDataTeamNestedStackTeamNestedStackR-18IFBN5O9RODO |  21 | 4:58:24 PM | UPDATE_IN_PROGRESS | AWS::AppSync::FunctionConfiguration | data/amplifyData/Team/MutationcreateTeamauth0Function/MutationcreateTeamauth0Function.AppSyncFunction (MutationcreateTeamauth0FunctionMutationcreateTeamauth0FunctionAppSyncFunction78AFE9CC)
amplify-realtimecollab-nihal-sandbox-a128d3-amplifyDataRepositoryNestedStackRepository-G746WCW6AA2C |  21 | 4:58:24 PM | UPDATE_IN_PROGRESS | AWS::AppSync::FunctionConfiguration | data/amplifyData/Repository/MutationcreateRepositoryauth0Function/MutationcreateRepositoryauth0Function.AppSyncFunction (MutationcreateRepositoryauth0FunctionMutationcreateRepositoryauth0FunctionAppSyncFunction5BA0E641)
amplify-realtimecollab-nihal-sandbox-a128d3-amplifyDataTeamNestedStackTeamNestedStackR-18IFBN5O9RODO |  21 | 4:58:24 PM | UPDATE_IN_PROGRESS | AWS::AppSync::FunctionConfiguration | data/amplifyData/Team/MutationupdateTeamauth0Function/MutationupdateTeamauth0Function.AppSyncFunction (MutationupdateTeamauth0FunctionMutationupdateTeamauth0FunctionAppSyncFunction3DE8CD13)
amplify-realtimecollab-nihal-sandbox-a128d3-amplifyDataRepositoryNestedStackRepository-G746WCW6AA2C |  21 | 4:58:24 PM | UPDATE_IN_PROGRESS | AWS::AppSync::FunctionConfiguration | data/amplifyData/Repository/MutationupdateRepositoryauth0Function/MutationupdateRepositoryauth0Function.AppSyncFunction (MutationupdateRepositoryauth0FunctionMutationupdateRepositoryauth0FunctionAppSyncFunction2B118EDB)
amplify-realtimecollab-nihal-sandbox-a128d3-amplifyDataBuildNestedStackBuildNestedStac-1O4H0R8Y1ZC8E |  21 | 4:58:24 PM | CREATE_IN_PROGRESS | AWS::AppSync::FunctionConfiguration | data/amplifyData/Build/QuerylistBuildByRepositoryIdAndStartedAtpostAuth0Function/QuerylistBuildByRepositoryIdAndStartedAtpostAuth0Function.AppSyncFunction (QuerylistBuildByRepositoryIdAndStartedAtpostAuth0FunctionQuerylistBuildByRepositoryIdAndStartedAtpostAuth0FunctionAppSyncFunction3899801E) Resource creation Initiated
amplify-realtimecollab-nihal-sandbox-a128d3-amplifyDataDeploymentNestedStackDeployment-17CV4L5928WL3 |  21 | 4:58:23 PM | CREATE_IN_PROGRESS | AWS::AppSync::FunctionConfiguration | data/amplifyData/Deployment/MutationdeleteDeploymentpreAuth0Function/MutationdeleteDeploymentpreAuth0Function.AppSyncFunction (MutationdeleteDeploymentpreAuth0FunctionMutationdeleteDeploymentpreAuth0FunctionAppSyncFunction37BAF713) Resource creation Initiated
amplify-realtimecollab-nihal-sandbox-a128d3-amplifyDataDeploymentNestedStackDeployment-17CV4L5928WL3 |  21 | 4:58:23 PM | CREATE_IN_PROGRESS | AWS::AppSync::FunctionConfiguration | data/amplifyData/Deployment/SubscriptiononDeleteDeploymentauth0Function/SubscriptiononDeleteDeploymentauth0Function.AppSyncFunction (SubscriptiononDeleteDeploymentauth0FunctionSubscriptiononDeleteDeploymentauth0FunctionAppSyncFunction5F45D4DE) Resource creation Initiated
amplify-realtimecollab-nihal-sandbox-a128d3-amplifyDataDeploymentNestedStackDeployment-17CV4L5928WL3 |  21 | 4:58:23 PM | CREATE_IN_PROGRESS | AWS::AppSync::FunctionConfiguration | data/amplifyData/Deployment/MutationupdateDeploymentinit0Function/MutationupdateDeploymentinit0Function.AppSyncFunction (MutationupdateDeploymentinit0FunctionMutationupdateDeploymentinit0FunctionAppSyncFunctionA8EB939D) Resource creation Initiated
amplify-realtimecollab-nihal-sandbox-a128d3-amplifyDataDeploymentNestedStackDeployment-17CV4L5928WL3 |  21 | 4:58:23 PM | CREATE_IN_PROGRESS | AWS::AppSync::FunctionConfiguration | data/amplifyData/Deployment/SubscriptiononUpdateDeploymentpostAuth0Function/SubscriptiononUpdateDeploymentpostAuth0Function.AppSyncFunction (SubscriptiononUpdateDeploymentpostAuth0FunctionSubscriptiononUpdateDeploymentpostAuth0FunctionAppSyncFunctionBC556997) Resource creation Initiated
amplify-realtimecollab-nihal-sandbox-a128d3-amplifyDataDeploymentNestedStackDeployment-17CV4L5928WL3 |  21 | 4:58:23 PM | CREATE_IN_PROGRESS | AWS::AppSync::FunctionConfiguration | data/amplifyData/Deployment/MutationcreateDeploymentinit0Function/MutationcreateDeploymentinit0Function.AppSyncFunction (MutationcreateDeploymentinit0FunctionMutationcreateDeploymentinit0FunctionAppSyncFunction29FEDA83) Resource creation Initiated
amplify-realtimecollab-nihal-sandbox-a128d3-amplifyDataDeploymentNestedStackDeployment-17CV4L5928WL3 |  21 | 4:58:23 PM | CREATE_IN_PROGRESS | AWS::AppSync::FunctionConfiguration | data/amplifyData/Deployment/SubscriptiononCreateDeploymentauth0Function/SubscriptiononCreateDeploymentauth0Function.AppSyncFunction (SubscriptiononCreateDeploymentauth0FunctionSubscriptiononCreateDeploymentauth0FunctionAppSyncFunction631CCCD2) Resource creation Initiated
amplify-realtimecollab-nihal-sandbox-a128d3-amplifyDataDeploymentNestedStackDeployment-17CV4L5928WL3 |  21 | 4:58:23 PM | CREATE_IN_PROGRESS | AWS::AppSync::FunctionConfiguration | data/amplifyData/Deployment/QuerylistDeploymentspostAuth0Function/QuerylistDeploymentspostAuth0Function.AppSyncFunction (QuerylistDeploymentspostAuth0FunctionQuerylistDeploymentspostAuth0FunctionAppSyncFunction60C4A3BC) Resource creation Initiated
amplify-realtimecollab-nihal-sandbox-a128d3-amplifyDataDeploymentNestedStackDeployment-17CV4L5928WL3 |  21 | 4:58:23 PM | CREATE_IN_PROGRESS | AWS::CDK::Metadata | auth/CDKMetadata/Default (CDKMetadata) Resource creation Initiated
amplify-realtimecollab-nihal-sandbox-a128d3-amplifyDataDeploymentNestedStackDeployment-17CV4L5928WL3 |  21 | 4:58:23 PM | CREATE_IN_PROGRESS | AWS::AppSync::FunctionConfiguration | data/amplifyData/Deployment/SubscriptionOnCreateDeploymentDataResolverFn/SubscriptionOnCreateDeploymentDataResolverFn.AppSyncFunction (SubscriptionOnCreateDeploymentDataResolverFnSubscriptionOnCreateDeploymentDataResolverFnAppSyncFunction1057620B) Resource creation Initiated
amplify-realtimecollab-nihal-sandbox-a128d3-amplifyDataDeploymentNestedStackDeployment-17CV4L5928WL3 |  21 | 4:58:23 PM | CREATE_IN_PROGRESS | AWS::AppSync::FunctionConfiguration | data/amplifyData/Deployment/SubscriptionOnDeleteDeploymentDataResolverFn/SubscriptionOnDeleteDeploymentDataResolverFn.AppSyncFunction (SubscriptionOnDeleteDeploymentDataResolverFnSubscriptionOnDeleteDeploymentDataResolverFnAppSyncFunction72345228) Resource creation Initiated
amplify-realtimecollab-nihal-sandbox-a128d3-amplifyDataDeploymentNestedStackDeployment-17CV4L5928WL3 |  21 | 4:58:23 PM | CREATE_IN_PROGRESS | AWS::AppSync::FunctionConfiguration | data/amplifyData/Deployment/QuerygetDeploymentpostAuth0Function/QuerygetDeploymentpostAuth0Function.AppSyncFunction (QuerygetDeploymentpostAuth0FunctionQuerygetDeploymentpostAuth0FunctionAppSyncFunction84F8F10B) Resource creation Initiated
amplify-realtimecollab-nihal-sandbox-a128d3-amplifyDataDeploymentNestedStackDeployment-17CV4L5928WL3 |  21 | 4:58:23 PM | CREATE_IN_PROGRESS | AWS::AppSync::FunctionConfiguration | data/amplifyData/Deployment/MutationcreateDeploymentpostAuth0Function/MutationcreateDeploymentpostAuth0Function.AppSyncFunction (MutationcreateDeploymentpostAuth0FunctionMutationcreateDeploymentpostAuth0FunctionAppSyncFunctionAB5AAF0D) Resource creation Initiated
amplify-realtimecollab-nihal-sandbox-a128d3-amplifyDataDeploymentNestedStackDeployment-17CV4L5928WL3 |  22 | 4:58:23 PM | CREATE_COMPLETE | AWS::CDK::Metadata | auth/CDKMetadata/Default (CDKMetadata)
amplify-realtimecollab-nihal-sandbox-a128d3-amplifyDataDeploymentNestedStackDeployment-17CV4L5928WL3 |  22 | 4:58:23 PM | CREATE_IN_PROGRESS | AWS::AppSync::FunctionConfiguration | data/amplifyData/Deployment/MutationcreateDeploymentauth0Function/MutationcreateDeploymentauth0Function.AppSyncFunction (MutationcreateDeploymentauth0FunctionMutationcreateDeploymentauth0FunctionAppSyncFunctionBE2D7F53) Resource creation Initiated
amplify-realtimecollab-nihal-sandbox-a128d3-amplifyDataDeploymentNestedStackDeployment-17CV4L5928WL3 |  22 | 4:58:23 PM | CREATE_IN_PROGRESS | AWS::IAM::Role | data/amplifyData/Deployment/DeploymentIAMRole (DeploymentIAMRoleC6952F89) Resource creation Initiated
amplify-realtimecollab-nihal-sandbox-a128d3-amplifyDataDoraMetricsNestedStackDoraMetri-2IVZC05ZM4IN |  22 | 4:58:24 PM | CREATE_IN_PROGRESS | AWS::AppSync::FunctionConfiguration | data/amplifyData/DoraMetrics/SubscriptionOnUpdateDoraMetricsDataResolverFn/SubscriptionOnUpdateDoraMetricsDataResolverFn.AppSyncFunction (SubscriptionOnUpdateDoraMetricsDataResolverFnSubscriptionOnUpdateDoraMetricsDataResolverFnAppSyncFunction34D27683) Resource creation Initiated
amplify-realtimecollab-nihal-sandbox-a128d3-amplifyDataDoraMetricsNestedStackDoraMetri-2IVZC05ZM4IN |  22 | 4:58:24 PM | CREATE_IN_PROGRESS | AWS::AppSync::FunctionConfiguration | data/amplifyData/DoraMetrics/MutationdeleteDoraMetricspostAuth0Function/MutationdeleteDoraMetricspostAuth0Function.AppSyncFunction (MutationdeleteDoraMetricspostAuth0FunctionMutationdeleteDoraMetricspostAuth0FunctionAppSyncFunctionF1185B14) Resource creation Initiated
amplify-realtimecollab-nihal-sandbox-a128d3-amplifyDataDoraMetricsNestedStackDoraMetri-2IVZC05ZM4IN |  22 | 4:58:24 PM | CREATE_IN_PROGRESS | AWS::AppSync::FunctionConfiguration | data/amplifyData/DoraMetrics/MutationdeleteDoraMetricspreAuth0Function/MutationdeleteDoraMetricspreAuth0Function.AppSyncFunction (MutationdeleteDoraMetricspreAuth0FunctionMutationdeleteDoraMetricspreAuth0FunctionAppSyncFunction1A518E62) Resource creation Initiated
amplify-realtimecollab-nihal-sandbox-a128d3-amplifyDataDoraMetricsNestedStackDoraMetri-2IVZC05ZM4IN |  22 | 4:58:24 PM | CREATE_IN_PROGRESS | AWS::AppSync::FunctionConfiguration | data/amplifyData/DoraMetrics/QuerylistDoraMetricsByRepositoryIdAndDateAndPeriodpostAuth0Function/QuerylistDoraMetricsByRepositoryIdAndDateAndPeriodpostAuth0Function.AppSyncFunction (QuerylistDoraMetricsByRepositoryIdAndDateAndPeriodpostAuth0FunctionQuerylistDoraMetricsByRepositoryIdAndDateAndPeriodpostAuth0FunctionAppSyncFunction5C6042A3) Resource creation Initiated
amplify-realtimecollab-nihal-sandbox-a128d3-amplifyDataDoraMetricsNestedStackDoraMetri-2IVZC05ZM4IN |  22 | 4:58:24 PM | CREATE_IN_PROGRESS | AWS::AppSync::FunctionConfiguration | data/amplifyData/DoraMetrics/QuerygetDoraMetricspostAuth0Function/QuerygetDoraMetricspostAuth0Function.AppSyncFunction (QuerygetDoraMetricspostAuth0FunctionQuerygetDoraMetricspostAuth0FunctionAppSyncFunction29698B0C) Resource creation Initiated
amplify-realtimecollab-nihal-sandbox-a128d3-amplifyDataDoraMetricsNestedStackDoraMetri-2IVZC05ZM4IN |  22 | 4:58:24 PM | CREATE_IN_PROGRESS | AWS::AppSync::FunctionConfiguration | data/amplifyData/DoraMetrics/QuerygetDoraMetricsauth0Function/QuerygetDoraMetricsauth0Function.AppSyncFunction (QuerygetDoraMetricsauth0FunctionQuerygetDoraMetricsauth0FunctionAppSyncFunction8E0693CD) Resource creation Initiated
amplify-realtimecollab-nihal-sandbox-a128d3-amplifyDataDoraMetricsNestedStackDoraMetri-2IVZC05ZM4IN |  22 | 4:58:24 PM | CREATE_IN_PROGRESS | AWS::AppSync::FunctionConfiguration | data/amplifyData/DoraMetrics/SubscriptiononDeleteDoraMetricspostAuth0Function/SubscriptiononDeleteDoraMetricspostAuth0Function.AppSyncFunction (SubscriptiononDeleteDoraMetricspostAuth0FunctionSubscriptiononDeleteDoraMetricspostAuth0FunctionAppSyncFunctionFC846A90) Resource creation Initiated
amplify-realtimecollab-nihal-sandbox-a128d3-amplifyDataDoraMetricsNestedStackDoraMetri-2IVZC05ZM4IN |  22 | 4:58:24 PM | CREATE_IN_PROGRESS | AWS::AppSync::FunctionConfiguration | data/amplifyData/DoraMetrics/MutationdeleteDoraMetricspreAuth1Function/MutationdeleteDoraMetricspreAuth1Function.AppSyncFunction (MutationdeleteDoraMetricspreAuth1FunctionMutationdeleteDoraMetricspreAuth1FunctionAppSyncFunction28E91309) Resource creation Initiated
amplify-realtimecollab-nihal-sandbox-a128d3-amplifyDataDoraMetricsNestedStackDoraMetri-2IVZC05ZM4IN |  22 | 4:58:24 PM | CREATE_IN_PROGRESS | AWS::AppSync::FunctionConfiguration | data/amplifyData/DoraMetrics/QuerylistDoraMetricsByRepositoryIdAndDateAndPeriodauth0Function/QuerylistDoraMetricsByRepositoryIdAndDateAndPeriodauth0Function.AppSyncFunction (QuerylistDoraMetricsByRepositoryIdAndDateAndPeriodauth0FunctionQuerylistDoraMetricsByRepositoryIdAndDateAndPeriodauth0FunctionAppSyncFunction66993734) Resource creation Initiated
amplify-realtimecollab-nihal-sandbox-a128d3-amplifyDataDoraMetricsNestedStackDoraMetri-2IVZC05ZM4IN |  22 | 4:58:24 PM | CREATE_IN_PROGRESS | AWS::AppSync::FunctionConfiguration | data/amplifyData/DoraMetrics/MutationupdateDoraMetricsinit0Function/MutationupdateDoraMetricsinit0Function.AppSyncFunction (MutationupdateDoraMetricsinit0FunctionMutationupdateDoraMetricsinit0FunctionAppSyncFunctionF1161CA9) Resource creation Initiated
amplify-realtimecollab-nihal-sandbox-a128d3-amplifyDataDoraMetricsNestedStackDoraMetri-2IVZC05ZM4IN |  22 | 4:58:24 PM | CREATE_IN_PROGRESS | AWS::AppSync::FunctionConfiguration | data/amplifyData/DoraMetrics/SubscriptiononCreateDoraMetricspostAuth0Function/SubscriptiononCreateDoraMetricspostAuth0Function.AppSyncFunction (SubscriptiononCreateDoraMetricspostAuth0FunctionSubscriptiononCreateDoraMetricspostAuth0FunctionAppSyncFunction5D042B16) Resource creation Initiated
amplify-realtimecollab-nihal-sandbox-a128d3-amplifyDataDoraMetricsNestedStackDoraMetri-2IVZC05ZM4IN |  22 | 4:58:24 PM | CREATE_IN_PROGRESS | AWS::AppSync::FunctionConfiguration | data/amplifyData/DoraMetrics/SubscriptionOnDeleteDoraMetricsDataResolverFn/SubscriptionOnDeleteDoraMetricsDataResolverFn.AppSyncFunction (SubscriptionOnDeleteDoraMetricsDataResolverFnSubscriptionOnDeleteDoraMetricsDataResolverFnAppSyncFunctionE1FFC4A8) Resource creation Initiated
amplify-realtimecollab-nihal-sandbox-a128d3-amplifyDataDoraMetricsNestedStackDoraMetri-2IVZC05ZM4IN |  22 | 4:58:24 PM | CREATE_IN_PROGRESS | AWS::CDK::Metadata | auth/CDKMetadata/Default (CDKMetadata) Resource creation Initiated
amplify-realtimecollab-nihal-sandbox-a128d3-amplifyDataDoraMetricsNestedStackDoraMetri-2IVZC05ZM4IN |  22 | 4:58:24 PM | CREATE_IN_PROGRESS | AWS::AppSync::FunctionConfiguration | data/amplifyData/DoraMetrics/MutationupdateDoraMetricspreAuth1Function/MutationupdateDoraMetricspreAuth1Function.AppSyncFunction (MutationupdateDoraMetricspreAuth1FunctionMutationupdateDoraMetricspreAuth1FunctionAppSyncFunctionFA5B6669) Resource creation Initiated
amplify-realtimecollab-nihal-sandbox-a128d3-amplifyDataDoraMetricsNestedStackDoraMetri-2IVZC05ZM4IN |  22 | 4:58:24 PM | CREATE_IN_PROGRESS | AWS::AppSync::FunctionConfiguration | data/amplifyData/DoraMetrics/QuerylistDoraMetricsByTeamIdAndDateAndPeriodauth0Function/QuerylistDoraMetricsByTeamIdAndDateAndPeriodauth0Function.AppSyncFunction (QuerylistDoraMetricsByTeamIdAndDateAndPeriodauth0FunctionQuerylistDoraMetricsByTeamIdAndDateAndPeriodauth0FunctionAppSyncFunctionA2FF62A8) Resource creation Initiated
amplify-realtimecollab-nihal-sandbox-a128d3-amplifyDataDoraMetricsNestedStackDoraMetri-2IVZC05ZM4IN |  22 | 4:58:24 PM | CREATE_IN_PROGRESS | AWS::AppSync::FunctionConfiguration | data/amplifyData/DoraMetrics/SubscriptiononUpdateDoraMetricsauth0Function/SubscriptiononUpdateDoraMetricsauth0Function.AppSyncFunction (SubscriptiononUpdateDoraMetricsauth0FunctionSubscriptiononUpdateDoraMetricsauth0FunctionAppSyncFunctionF2CE60F5) Resource creation Initiated
amplify-realtimecollab-nihal-sandbox-a128d3-amplifyDataDoraMetricsNestedStackDoraMetri-2IVZC05ZM4IN |  22 | 4:58:24 PM | CREATE_IN_PROGRESS | AWS::AppSync::FunctionConfiguration | data/amplifyData/DoraMetrics/MutationcreateDoraMetricspostAuth0Function/MutationcreateDoraMetricspostAuth0Function.AppSyncFunction (MutationcreateDoraMetricspostAuth0FunctionMutationcreateDoraMetricspostAuth0FunctionAppSyncFunction7F7C27BE) Resource creation Initiated
amplify-realtimecollab-nihal-sandbox-a128d3-amplifyDataDoraMetricsNestedStackDoraMetri-2IVZC05ZM4IN |  22 | 4:58:24 PM | CREATE_IN_PROGRESS | AWS::AppSync::FunctionConfiguration | data/amplifyData/DoraMetrics/QuerylistDoraMetricsByTeamIdAndDateAndPeriodpostAuth0Function/QuerylistDoraMetricsByTeamIdAndDateAndPeriodpostAuth0Function.AppSyncFunction (QuerylistDoraMetricsByTeamIdAndDateAndPeriodpostAuth0FunctionQuerylistDoraMetricsByTeamIdAndDateAndPeriodpostAuth0FunctionAppSyncFunctionB4AD72E2) Resource creation Initiated
amplify-realtimecollab-nihal-sandbox-a128d3-amplifyDataDeploymentNestedStackDeployment-17CV4L5928WL3 |  23 | 4:58:24 PM | CREATE_COMPLETE | AWS::AppSync::FunctionConfiguration | data/amplifyData/Deployment/SubscriptiononDeleteDeploymentauth0Function/SubscriptiononDeleteDeploymentauth0Function.AppSyncFunction (SubscriptiononDeleteDeploymentauth0FunctionSubscriptiononDeleteDeploymentauth0FunctionAppSyncFunction5F45D4DE)
amplify-realtimecollab-nihal-sandbox-a128d3-amplifyDataDeploymentNestedStackDeployment-17CV4L5928WL3 |  24 | 4:58:24 PM | CREATE_COMPLETE | AWS::AppSync::FunctionConfiguration | data/amplifyData/Deployment/SubscriptiononUpdateDeploymentauth0Function/SubscriptiononUpdateDeploymentauth0Function.AppSyncFunction (SubscriptiononUpdateDeploymentauth0FunctionSubscriptiononUpdateDeploymentauth0FunctionAppSyncFunction57219F75)
amplify-realtimecollab-nihal-sandbox-a128d3-amplifyDataDeploymentNestedStackDeployment-17CV4L5928WL3 |  25 | 4:58:24 PM | CREATE_COMPLETE | AWS::AppSync::FunctionConfiguration | data/amplifyData/Deployment/MutationdeleteDeploymentpreAuth0Function/MutationdeleteDeploymentpreAuth0Function.AppSyncFunction (MutationdeleteDeploymentpreAuth0FunctionMutationdeleteDeploymentpreAuth0FunctionAppSyncFunction37BAF713)
amplify-realtimecollab-nihal-sandbox-a128d3-amplifyDataDeploymentNestedStackDeployment-17CV4L5928WL3 |  26 | 4:58:24 PM | CREATE_COMPLETE | AWS::AppSync::FunctionConfiguration | data/amplifyData/Deployment/QuerylistDeploymentspostAuth0Function/QuerylistDeploymentspostAuth0Function.AppSyncFunction (QuerylistDeploymentspostAuth0FunctionQuerylistDeploymentspostAuth0FunctionAppSyncFunction60C4A3BC)
amplify-realtimecollab-nihal-sandbox-a128d3-amplifyDataDoraMetricsNestedStackDoraMetri-2IVZC05ZM4IN |  26 | 4:58:24 PM | CREATE_IN_PROGRESS | AWS::IAM::Role | data/amplifyData/DoraMetrics/DoraMetricsIAMRole (DoraMetricsIAMRoleA5D7DD0B) Resource creation Initiated
amplify-realtimecollab-nihal-sandbox-a128d3-amplifyDataDoraMetricsNestedStackDoraMetri-2IVZC05ZM4IN |  25 | 4:58:24 PM | CREATE_COMPLETE | AWS::CDK::Metadata | auth/CDKMetadata/Default (CDKMetadata)
amplify-realtimecollab-nihal-sandbox-a128d3-amplifyDataDoraMetricsNestedStackDoraMetri-2IVZC05ZM4IN |  25 | 4:58:24 PM | CREATE_IN_PROGRESS | AWS::AppSync::FunctionConfiguration | data/amplifyData/DoraMetrics/MutationupdateDoraMetricspostAuth0Function/MutationupdateDoraMetricspostAuth0Function.AppSyncFunction (MutationupdateDoraMetricspostAuth0FunctionMutationupdateDoraMetricspostAuth0FunctionAppSyncFunction9A5E88BE) Resource creation Initiated
amplify-realtimecollab-nihal-sandbox-a128d3-amplifyDataDoraMetricsNestedStackDoraMetri-2IVZC05ZM4IN |  25 | 4:58:24 PM | CREATE_IN_PROGRESS | AWS::AppSync::FunctionConfiguration | data/amplifyData/DoraMetrics/MutationupdateDoraMetricspreAuth0Function/MutationupdateDoraMetricspreAuth0Function.AppSyncFunction (MutationupdateDoraMetricspreAuth0FunctionMutationupdateDoraMetricspreAuth0FunctionAppSyncFunctionA32ABE35) Resource creation Initiated
amplify-realtimecollab-nihal-sandbox-a128d3-amplifyDataDoraMetricsNestedStackDoraMetri-2IVZC05ZM4IN |  25 | 4:58:24 PM | CREATE_IN_PROGRESS | AWS::AppSync::FunctionConfiguration | data/amplifyData/DoraMetrics/SubscriptiononDeleteDoraMetricsauth0Function/SubscriptiononDeleteDoraMetricsauth0Function.AppSyncFunction (SubscriptiononDeleteDoraMetricsauth0FunctionSubscriptiononDeleteDoraMetricsauth0FunctionAppSyncFunction744ACEAA) Resource creation Initiated
amplify-realtimecollab-nihal-sandbox-a128d3-amplifyDataDeploymentNestedStackDeployment-17CV4L5928WL3 |  26 | 4:58:24 PM | CREATE_COMPLETE | AWS::AppSync::FunctionConfiguration | data/amplifyData/Deployment/SubscriptiononDeleteDeploymentpostAuth0Function/SubscriptiononDeleteDeploymentpostAuth0Function.AppSyncFunction (SubscriptiononDeleteDeploymentpostAuth0FunctionSubscriptiononDeleteDeploymentpostAuth0FunctionAppSyncFunction014D36E3)
amplify-realtimecollab-nihal-sandbox-a128d3-amplifyDataDeploymentNestedStackDeployment-17CV4L5928WL3 |  27 | 4:58:24 PM | CREATE_COMPLETE | AWS::AppSync::FunctionConfiguration | data/amplifyData/Deployment/QuerygetDeploymentpostAuth0Function/QuerygetDeploymentpostAuth0Function.AppSyncFunction (QuerygetDeploymentpostAuth0FunctionQuerygetDeploymentpostAuth0FunctionAppSyncFunction84F8F10B)
amplify-realtimecollab-nihal-sandbox-a128d3-amplifyDataDeploymentNestedStackDeployment-17CV4L5928WL3 |  28 | 4:58:24 PM | CREATE_COMPLETE | AWS::AppSync::FunctionConfiguration | data/amplifyData/Deployment/MutationcreateDeploymentpostAuth0Function/MutationcreateDeploymentpostAuth0Function.AppSyncFunction (MutationcreateDeploymentpostAuth0FunctionMutationcreateDeploymentpostAuth0FunctionAppSyncFunctionAB5AAF0D)
amplify-realtimecollab-nihal-sandbox-a128d3-amplifyDataDeploymentNestedStackDeployment-17CV4L5928WL3 |  29 | 4:58:24 PM | CREATE_COMPLETE | AWS::AppSync::FunctionConfiguration | data/amplifyData/Deployment/SubscriptionOnCreateDeploymentDataResolverFn/SubscriptionOnCreateDeploymentDataResolverFn.AppSyncFunction (SubscriptionOnCreateDeploymentDataResolverFnSubscriptionOnCreateDeploymentDataResolverFnAppSyncFunction1057620B)
amplify-realtimecollab-nihal-sandbox-a128d3-amplifyDataDeploymentNestedStackDeployment-17CV4L5928WL3 |  29 | 4:58:24 PM | CREATE_IN_PROGRESS | AWS::AppSync::FunctionConfiguration | data/amplifyData/Deployment/SubscriptiononCreateDeploymentpostAuth0Function/SubscriptiononCreateDeploymentpostAuth0Function.AppSyncFunction (SubscriptiononCreateDeploymentpostAuth0FunctionSubscriptiononCreateDeploymentpostAuth0FunctionAppSyncFunctionCA0C0689) Resource creation Initiated
amplify-realtimecollab-nihal-sandbox-a128d3-amplifyDataDoraMetricsNestedStackDoraMetri-2IVZC05ZM4IN |  29 | 4:58:24 PM | CREATE_IN_PROGRESS | AWS::AppSync::FunctionConfiguration | data/amplifyData/DoraMetrics/QuerylistDoraMetricsauth0Function/QuerylistDoraMetricsauth0Function.AppSyncFunction (QuerylistDoraMetricsauth0FunctionQuerylistDoraMetricsauth0FunctionAppSyncFunction1BC1FA2B) Resource creation Initiated
amplify-realtimecollab-nihal-sandbox-a128d3-amplifyDataDeploymentNestedStackDeployment-17CV4L5928WL3 |  30 | 4:58:24 PM | CREATE_COMPLETE | AWS::AppSync::FunctionConfiguration | data/amplifyData/Deployment/MutationupdateDeploymentpreAuth0Function/MutationupdateDeploymentpreAuth0Function.AppSyncFunction (MutationupdateDeploymentpreAuth0FunctionMutationupdateDeploymentpreAuth0FunctionAppSyncFunction3C9458CF)
amplify-realtimecollab-nihal-sandbox-a128d3-amplifyDataDoraMetricsNestedStackDoraMetri-2IVZC05ZM4IN |  30 | 4:58:24 PM | CREATE_IN_PROGRESS | AWS::AppSync::FunctionConfiguration | data/amplifyData/DoraMetrics/MutationcreateDoraMetricsinit0Function/MutationcreateDoraMetricsinit0Function.AppSyncFunction (MutationcreateDoraMetricsinit0FunctionMutationcreateDoraMetricsinit0FunctionAppSyncFunction4AF3AF91) Resource creation Initiated
amplify-realtimecollab-nihal-sandbox-a128d3-amplifyDataDeploymentNestedStackDeployment-17CV4L5928WL3 |  31 | 4:58:24 PM | CREATE_COMPLETE | AWS::AppSync::FunctionConfiguration | data/amplifyData/Deployment/MutationupdateDeploymentinit0Function/MutationupdateDeploymentinit0Function.AppSyncFunction (MutationupdateDeploymentinit0FunctionMutationupdateDeploymentinit0FunctionAppSyncFunctionA8EB939D)
amplify-realtimecollab-nihal-sandbox-a128d3-amplifyDataDeploymentNestedStackDeployment-17CV4L5928WL3 |  31 | 4:58:24 PM | CREATE_IN_PROGRESS | AWS::AppSync::FunctionConfiguration | data/amplifyData/Deployment/QuerylistDeploymentsauth0Function/QuerylistDeploymentsauth0Function.AppSyncFunction (QuerylistDeploymentsauth0FunctionQuerylistDeploymentsauth0FunctionAppSyncFunction0BAA808E) Resource creation Initiated
amplify-realtimecollab-nihal-sandbox-a128d3-amplifyDataDeploymentNestedStackDeployment-17CV4L5928WL3 |  31 | 4:58:24 PM | CREATE_IN_PROGRESS | AWS::AppSync::FunctionConfiguration | data/amplifyData/Deployment/SubscriptionOnUpdateDeploymentDataResolverFn/SubscriptionOnUpdateDeploymentDataResolverFn.AppSyncFunction (SubscriptionOnUpdateDeploymentDataResolverFnSubscriptionOnUpdateDeploymentDataResolverFnAppSyncFunctionD0E85066) Resource creation Initiated
amplify-realtimecollab-nihal-sandbox-a128d3-amplifyDataDeploymentNestedStackDeployment-17CV4L5928WL3 |  31 | 4:58:24 PM | CREATE_IN_PROGRESS | AWS::AppSync::FunctionConfiguration | data/amplifyData/Deployment/MutationupdateDeploymentpostAuth0Function/MutationupdateDeploymentpostAuth0Function.AppSyncFunction (MutationupdateDeploymentpostAuth0FunctionMutationupdateDeploymentpostAuth0FunctionAppSyncFunction6030BC2E) Resource creation Initiated
amplify-realtimecollab-nihal-sandbox-a128d3-amplifyDataDoraMetricsNestedStackDoraMetri-2IVZC05ZM4IN |  31 | 4:58:24 PM | CREATE_IN_PROGRESS | AWS::AppSync::FunctionConfiguration | data/amplifyData/DoraMetrics/SubscriptiononUpdateDoraMetricspostAuth0Function/SubscriptiononUpdateDoraMetricspostAuth0Function.AppSyncFunction (SubscriptiononUpdateDoraMetricspostAuth0FunctionSubscriptiononUpdateDoraMetricspostAuth0FunctionAppSyncFunction6256D086) Resource creation Initiated
amplify-realtimecollab-nihal-sandbox-a128d3-amplifyDataDeploymentNestedStackDeployment-17CV4L5928WL3 |  32 | 4:58:24 PM | CREATE_COMPLETE | AWS::AppSync::FunctionConfiguration | data/amplifyData/Deployment/SubscriptionOnDeleteDeploymentDataResolverFn/SubscriptionOnDeleteDeploymentDataResolverFn.AppSyncFunction (SubscriptionOnDeleteDeploymentDataResolverFnSubscriptionOnDeleteDeploymentDataResolverFnAppSyncFunction72345228)
amplify-realtimecollab-nihal-sandbox-a128d3-amplifyDataDoraMetricsNestedStackDoraMetri-2IVZC05ZM4IN |  32 | 4:58:24 PM | CREATE_IN_PROGRESS | AWS::AppSync::FunctionConfiguration | data/amplifyData/DoraMetrics/MutationcreateDoraMetricspreAuth0Function/MutationcreateDoraMetricspreAuth0Function.AppSyncFunction (MutationcreateDoraMetricspreAuth0FunctionMutationcreateDoraMetricspreAuth0FunctionAppSyncFunction516EDEFA) Resource creation Initiated
amplify-realtimecollab-nihal-sandbox-a128d3-amplifyDataDeploymentNestedStackDeployment-17CV4L5928WL3 |  33 | 4:58:24 PM | CREATE_COMPLETE | AWS::AppSync::FunctionConfiguration | data/amplifyData/Deployment/SubscriptiononUpdateDeploymentpostAuth0Function/SubscriptiononUpdateDeploymentpostAuth0Function.AppSyncFunction (SubscriptiononUpdateDeploymentpostAuth0FunctionSubscriptiononUpdateDeploymentpostAuth0FunctionAppSyncFunctionBC556997)
amplify-realtimecollab-nihal-sandbox-a128d3-amplifyDataDoraMetricsNestedStackDoraMetri-2IVZC05ZM4IN |  33 | 4:58:24 PM | CREATE_IN_PROGRESS | AWS::AppSync::FunctionConfiguration | data/amplifyData/DoraMetrics/MutationcreateDoraMetricsauth0Function/MutationcreateDoraMetricsauth0Function.AppSyncFunction (MutationcreateDoraMetricsauth0FunctionMutationcreateDoraMetricsauth0FunctionAppSyncFunction900A0BAD) Resource creation Initiated
amplify-realtimecollab-nihal-sandbox-a128d3-amplifyDataDeploymentNestedStackDeployment-17CV4L5928WL3 |  33 | 4:58:24 PM | CREATE_IN_PROGRESS | AWS::AppSync::FunctionConfiguration | data/amplifyData/Deployment/QuerylistDeploymentByRepositoryIdAndEnvironmentAndStartedAtpostAuth0Function/QuerylistDeploymentByRepositoryIdAndEnvironmentAndStartedAtpostAuth0Function.AppSyncFunction (QuerylistDeploymentByRepositoryIdAndEnvironmentAndStartedAtpostAuth0FunctionQuerylistDeploymentByRepositoryIdAndEnvironmentAndStartedAtpostAuth0FunctionAppSyncFunctionF75139E2) Resource creation Initiated
amplify-realtimecollab-nihal-sandbox-a128d3-amplifyDataDeploymentNestedStackDeployment-17CV4L5928WL3 |  34 | 4:58:24 PM | CREATE_COMPLETE | AWS::AppSync::FunctionConfiguration | data/amplifyData/Deployment/MutationcreateDeploymentinit0Function/MutationcreateDeploymentinit0Function.AppSyncFunction (MutationcreateDeploymentinit0FunctionMutationcreateDeploymentinit0FunctionAppSyncFunction29FEDA83)
amplify-realtimecollab-nihal-sandbox-a128d3-amplifyDataDeploymentNestedStackDeployment-17CV4L5928WL3 |  35 | 4:58:24 PM | CREATE_COMPLETE | AWS::AppSync::FunctionConfiguration | data/amplifyData/Deployment/MutationcreateDeploymentauth0Function/MutationcreateDeploymentauth0Function.AppSyncFunction (MutationcreateDeploymentauth0FunctionMutationcreateDeploymentauth0FunctionAppSyncFunctionBE2D7F53)
amplify-realtimecollab-nihal-sandbox-a128d3-amplifyDataDeploymentNestedStackDeployment-17CV4L5928WL3 |  35 | 4:58:24 PM | CREATE_IN_PROGRESS | AWS::AppSync::FunctionConfiguration | data/amplifyData/Deployment/MutationcreateDeploymentpreAuth0Function/MutationcreateDeploymentpreAuth0Function.AppSyncFunction (MutationcreateDeploymentpreAuth0FunctionMutationcreateDeploymentpreAuth0FunctionAppSyncFunctionFC4A2CB0) Resource creation Initiated
amplify-realtimecollab-nihal-sandbox-a128d3-amplifyDataDeploymentNestedStackDeployment-17CV4L5928WL3 |  35 | 4:58:24 PM | CREATE_IN_PROGRESS | AWS::AppSync::FunctionConfiguration | data/amplifyData/Deployment/QuerylistDeploymentByRepositoryIdAndEnvironmentAndStartedAtauth0Function/QuerylistDeploymentByRepositoryIdAndEnvironmentAndStartedAtauth0Function.AppSyncFunction (QuerylistDeploymentByRepositoryIdAndEnvironmentAndStartedAtauth0FunctionQuerylistDeploymentByRepositoryIdAndEnvironmentAndStartedAtauth0FunctionAppSyncFunctionFCBB582D) Resource creation Initiated
amplify-realtimecollab-nihal-sandbox-a128d3-amplifyDataDeploymentNestedStackDeployment-17CV4L5928WL3 |  36 | 4:58:24 PM | CREATE_COMPLETE | AWS::AppSync::FunctionConfiguration | data/amplifyData/Deployment/SubscriptiononCreateDeploymentauth0Function/SubscriptiononCreateDeploymentauth0Function.AppSyncFunction (SubscriptiononCreateDeploymentauth0FunctionSubscriptiononCreateDeploymentauth0FunctionAppSyncFunction631CCCD2)
amplify-realtimecollab-nihal-sandbox-a128d3-amplifyDataBuildNestedStackBuildNestedStac-1O4H0R8Y1ZC8E |  36 | 4:58:24 PM | CREATE_IN_PROGRESS | AWS::AppSync::FunctionConfiguration | data/amplifyData/Build/QuerylistBuildByRepositoryIdAndStartedAtauth0Function/QuerylistBuildByRepositoryIdAndStartedAtauth0Function.AppSyncFunction (QuerylistBuildByRepositoryIdAndStartedAtauth0FunctionQuerylistBuildByRepositoryIdAndStartedAtauth0FunctionAppSyncFunction1B63F756) Resource creation Initiated
amplify-realtimecollab-nihal-sandbox-a128d3-amplifyDataDeploymentNestedStackDeployment-17CV4L5928WL3 |  36 | 4:58:24 PM | CREATE_IN_PROGRESS | AWS::AppSync::FunctionConfiguration | data/amplifyData/Deployment/MutationdeleteDeploymentpostAuth0Function/MutationdeleteDeploymentpostAuth0Function.AppSyncFunction (MutationdeleteDeploymentpostAuth0FunctionMutationdeleteDeploymentpostAuth0FunctionAppSyncFunctionE4FE4F7C) Resource creation Initiated
amplify-realtimecollab-nihal-sandbox-a128d3-amplifyDataDeploymentNestedStackDeployment-17CV4L5928WL3 |  36 | 4:58:24 PM | CREATE_IN_PROGRESS | AWS::AppSync::FunctionConfiguration | data/amplifyData/Deployment/QuerygetDeploymentauth0Function/QuerygetDeploymentauth0Function.AppSyncFunction (QuerygetDeploymentauth0FunctionQuerygetDeploymentauth0FunctionAppSyncFunctionB8F6F011) Resource creation Initiated
amplify-realtimecollab-nihal-sandbox-a128d3-amplifyDataDoraMetricsNestedStackDoraMetri-2IVZC05ZM4IN |  37 | 4:58:24 PM | CREATE_COMPLETE | AWS::AppSync::FunctionConfiguration | data/amplifyData/DoraMetrics/QuerygetDoraMetricspostAuth0Function/QuerygetDoraMetricspostAuth0Function.AppSyncFunction (QuerygetDoraMetricspostAuth0FunctionQuerygetDoraMetricspostAuth0FunctionAppSyncFunction29698B0C)
amplify-realtimecollab-nihal-sandbox-a128d3-amplifyDataDoraMetricsNestedStackDoraMetri-2IVZC05ZM4IN |  38 | 4:58:24 PM | CREATE_COMPLETE | AWS::AppSync::FunctionConfiguration | data/amplifyData/DoraMetrics/MutationdeleteDoraMetricspreAuth0Function/MutationdeleteDoraMetricspreAuth0Function.AppSyncFunction (MutationdeleteDoraMetricspreAuth0FunctionMutationdeleteDoraMetricspreAuth0FunctionAppSyncFunction1A518E62)
amplify-realtimecollab-nihal-sandbox-a128d3-amplifyDataDoraMetricsNestedStackDoraMetri-2IVZC05ZM4IN |  39 | 4:58:24 PM | CREATE_COMPLETE | AWS::AppSync::FunctionConfiguration | data/amplifyData/DoraMetrics/MutationdeleteDoraMetricspostAuth0Function/MutationdeleteDoraMetricspostAuth0Function.AppSyncFunction (MutationdeleteDoraMetricspostAuth0FunctionMutationdeleteDoraMetricspostAuth0FunctionAppSyncFunctionF1185B14)
amplify-realtimecollab-nihal-sandbox-a128d3-amplifyDataDoraMetricsNestedStackDoraMetri-2IVZC05ZM4IN |  40 | 4:58:24 PM | CREATE_COMPLETE | AWS::AppSync::FunctionConfiguration | data/amplifyData/DoraMetrics/QuerylistDoraMetricsByRepositoryIdAndDateAndPeriodpostAuth0Function/QuerylistDoraMetricsByRepositoryIdAndDateAndPeriodpostAuth0Function.AppSyncFunction (QuerylistDoraMetricsByRepositoryIdAndDateAndPeriodpostAuth0FunctionQuerylistDoraMetricsByRepositoryIdAndDateAndPeriodpostAuth0FunctionAppSyncFunction5C6042A3)
amplify-realtimecollab-nihal-sandbox-a128d3-amplifyDataDoraMetricsNestedStackDoraMetri-2IVZC05ZM4IN |  41 | 4:58:24 PM | CREATE_COMPLETE | AWS::AppSync::FunctionConfiguration | data/amplifyData/DoraMetrics/QuerygetDoraMetricsauth0Function/QuerygetDoraMetricsauth0Function.AppSyncFunction (QuerygetDoraMetricsauth0FunctionQuerygetDoraMetricsauth0FunctionAppSyncFunction8E0693CD)
amplify-realtimecollab-nihal-sandbox-a128d3-amplifyDataDoraMetricsNestedStackDoraMetri-2IVZC05ZM4IN |  42 | 4:58:24 PM | CREATE_COMPLETE | AWS::AppSync::FunctionConfiguration | data/amplifyData/DoraMetrics/SubscriptionOnUpdateDoraMetricsDataResolverFn/SubscriptionOnUpdateDoraMetricsDataResolverFn.AppSyncFunction (SubscriptionOnUpdateDoraMetricsDataResolverFnSubscriptionOnUpdateDoraMetricsDataResolverFnAppSyncFunction34D27683)
amplify-realtimecollab-nihal-sandbox-a128d3-amplifyDataDoraMetricsNestedStackDoraMetri-2IVZC05ZM4IN |  43 | 4:58:24 PM | CREATE_COMPLETE | AWS::AppSync::FunctionConfiguration | data/amplifyData/DoraMetrics/SubscriptiononDeleteDoraMetricspostAuth0Function/SubscriptiononDeleteDoraMetricspostAuth0Function.AppSyncFunction (SubscriptiononDeleteDoraMetricspostAuth0FunctionSubscriptiononDeleteDoraMetricspostAuth0FunctionAppSyncFunctionFC846A90)
amplify-realtimecollab-nihal-sandbox-a128d3-amplifyDataDoraMetricsNestedStackDoraMetri-2IVZC05ZM4IN |  44 | 4:58:24 PM | CREATE_COMPLETE | AWS::AppSync::FunctionConfiguration | data/amplifyData/DoraMetrics/QuerylistDoraMetricsByTeamIdAndDateAndPeriodpostAuth0Function/QuerylistDoraMetricsByTeamIdAndDateAndPeriodpostAuth0Function.AppSyncFunction (QuerylistDoraMetricsByTeamIdAndDateAndPeriodpostAuth0FunctionQuerylistDoraMetricsByTeamIdAndDateAndPeriodpostAuth0FunctionAppSyncFunctionB4AD72E2)
amplify-realtimecollab-nihal-sandbox-a128d3-amplifyDataDoraMetricsNestedStackDoraMetri-2IVZC05ZM4IN |  45 | 4:58:24 PM | CREATE_COMPLETE | AWS::AppSync::FunctionConfiguration | data/amplifyData/DoraMetrics/MutationupdateDoraMetricsinit0Function/MutationupdateDoraMetricsinit0Function.AppSyncFunction (MutationupdateDoraMetricsinit0FunctionMutationupdateDoraMetricsinit0FunctionAppSyncFunctionF1161CA9)
amplify-realtimecollab-nihal-sandbox-a128d3-amplifyDataDoraMetricsNestedStackDoraMetri-2IVZC05ZM4IN |  46 | 4:58:24 PM | CREATE_COMPLETE | AWS::AppSync::FunctionConfiguration | data/amplifyData/DoraMetrics/SubscriptiononCreateDoraMetricspostAuth0Function/SubscriptiononCreateDoraMetricspostAuth0Function.AppSyncFunction (SubscriptiononCreateDoraMetricspostAuth0FunctionSubscriptiononCreateDoraMetricspostAuth0FunctionAppSyncFunction5D042B16)
amplify-realtimecollab-nihal-sandbox-a128d3-amplifyDataDoraMetricsNestedStackDoraMetri-2IVZC05ZM4IN |  47 | 4:58:24 PM | CREATE_COMPLETE | AWS::AppSync::FunctionConfiguration | data/amplifyData/DoraMetrics/QuerylistDoraMetricsByRepositoryIdAndDateAndPeriodauth0Function/QuerylistDoraMetricsByRepositoryIdAndDateAndPeriodauth0Function.AppSyncFunction (QuerylistDoraMetricsByRepositoryIdAndDateAndPeriodauth0FunctionQuerylistDoraMetricsByRepositoryIdAndDateAndPeriodauth0FunctionAppSyncFunction66993734)
amplify-realtimecollab-nihal-sandbox-a128d3-amplifyDataDoraMetricsNestedStackDoraMetri-2IVZC05ZM4IN |  48 | 4:58:24 PM | CREATE_COMPLETE | AWS::AppSync::FunctionConfiguration | data/amplifyData/DoraMetrics/SubscriptiononUpdateDoraMetricsauth0Function/SubscriptiononUpdateDoraMetricsauth0Function.AppSyncFunction (SubscriptiononUpdateDoraMetricsauth0FunctionSubscriptiononUpdateDoraMetricsauth0FunctionAppSyncFunctionF2CE60F5)
amplify-realtimecollab-nihal-sandbox-a128d3-amplifyDataDoraMetricsNestedStackDoraMetri-2IVZC05ZM4IN |  49 | 4:58:25 PM | CREATE_COMPLETE | AWS::AppSync::FunctionConfiguration | data/amplifyData/DoraMetrics/MutationdeleteDoraMetricspreAuth1Function/MutationdeleteDoraMetricspreAuth1Function.AppSyncFunction (MutationdeleteDoraMetricspreAuth1FunctionMutationdeleteDoraMetricspreAuth1FunctionAppSyncFunction28E91309)
amplify-realtimecollab-nihal-sandbox-a128d3-amplifyDataDoraMetricsNestedStackDoraMetri-2IVZC05ZM4IN |  50 | 4:58:25 PM | CREATE_COMPLETE | AWS::AppSync::FunctionConfiguration | data/amplifyData/DoraMetrics/SubscriptionOnDeleteDoraMetricsDataResolverFn/SubscriptionOnDeleteDoraMetricsDataResolverFn.AppSyncFunction (SubscriptionOnDeleteDoraMetricsDataResolverFnSubscriptionOnDeleteDoraMetricsDataResolverFnAppSyncFunctionE1FFC4A8)
amplify-realtimecollab-nihal-sandbox-a128d3-amplifyDataDoraMetricsNestedStackDoraMetri-2IVZC05ZM4IN |  50 | 4:58:25 PM | CREATE_IN_PROGRESS | AWS::AppSync::FunctionConfiguration | data/amplifyData/DoraMetrics/SubscriptionOnCreateDoraMetricsDataResolverFn/SubscriptionOnCreateDoraMetricsDataResolverFn.AppSyncFunction (SubscriptionOnCreateDoraMetricsDataResolverFnSubscriptionOnCreateDoraMetricsDataResolverFnAppSyncFunction31A8AF0F) Resource creation Initiated
amplify-realtimecollab-nihal-sandbox-a128d3-amplifyDataDoraMetricsNestedStackDoraMetri-2IVZC05ZM4IN |  51 | 4:58:25 PM | CREATE_COMPLETE | AWS::AppSync::FunctionConfiguration | data/amplifyData/DoraMetrics/QuerylistDoraMetricsByTeamIdAndDateAndPeriodauth0Function/QuerylistDoraMetricsByTeamIdAndDateAndPeriodauth0Function.AppSyncFunction (QuerylistDoraMetricsByTeamIdAndDateAndPeriodauth0FunctionQuerylistDoraMetricsByTeamIdAndDateAndPeriodauth0FunctionAppSyncFunctionA2FF62A8)
amplify-realtimecollab-nihal-sandbox-a128d3-amplifyDataDoraMetricsNestedStackDoraMetri-2IVZC05ZM4IN |  52 | 4:58:25 PM | CREATE_COMPLETE | AWS::AppSync::FunctionConfiguration | data/amplifyData/DoraMetrics/MutationupdateDoraMetricspreAuth1Function/MutationupdateDoraMetricspreAuth1Function.AppSyncFunction (MutationupdateDoraMetricspreAuth1FunctionMutationupdateDoraMetricspreAuth1FunctionAppSyncFunctionFA5B6669)
amplify-realtimecollab-nihal-sandbox-a128d3-amplifyDataBuildNestedStackBuildNestedStac-1O4H0R8Y1ZC8E |  53 | 4:58:25 PM | CREATE_COMPLETE | AWS::AppSync::FunctionConfiguration | data/amplifyData/Build/QuerylistBuildByRepositoryIdAndStartedAtpostAuth0Function/QuerylistBuildByRepositoryIdAndStartedAtpostAuth0Function.AppSyncFunction (QuerylistBuildByRepositoryIdAndStartedAtpostAuth0FunctionQuerylistBuildByRepositoryIdAndStartedAtpostAuth0FunctionAppSyncFunction3899801E)
amplify-realtimecollab-nihal-sandbox-a128d3-amplifyDataDoraMetricsNestedStackDoraMetri-2IVZC05ZM4IN |  53 | 4:58:25 PM | CREATE_IN_PROGRESS | AWS::AppSync::FunctionConfiguration | data/amplifyData/DoraMetrics/MutationcreateDoraMetricspreAuth1Function/MutationcreateDoraMetricspreAuth1Function.AppSyncFunction (MutationcreateDoraMetricspreAuth1FunctionMutationcreateDoraMetricspreAuth1FunctionAppSyncFunctionD6870A6D) Resource creation Initiated
amplify-realtimecollab-nihal-sandbox-a128d3-amplifyDataDoraMetricsNestedStackDoraMetri-2IVZC05ZM4IN |  54 | 4:58:25 PM | CREATE_COMPLETE | AWS::AppSync::FunctionConfiguration | data/amplifyData/DoraMetrics/MutationcreateDoraMetricspostAuth0Function/MutationcreateDoraMetricspostAuth0Function.AppSyncFunction (MutationcreateDoraMetricspostAuth0FunctionMutationcreateDoraMetricspostAuth0FunctionAppSyncFunction7F7C27BE)
amplify-realtimecollab-nihal-sandbox-a128d3-amplifyDataDoraMetricsNestedStackDoraMetri-2IVZC05ZM4IN |  54 | 4:58:25 PM | CREATE_IN_PROGRESS | AWS::AppSync::FunctionConfiguration | data/amplifyData/DoraMetrics/SubscriptiononCreateDoraMetricsauth0Function/SubscriptiononCreateDoraMetricsauth0Function.AppSyncFunction (SubscriptiononCreateDoraMetricsauth0FunctionSubscriptiononCreateDoraMetricsauth0FunctionAppSyncFunction3F5F581A) Resource creation Initiated
amplify-realtimecollab-nihal-sandbox-a128d3-amplifyDataDoraMetricsNestedStackDoraMetri-2IVZC05ZM4IN |  55 | 4:58:25 PM | CREATE_COMPLETE | AWS::AppSync::FunctionConfiguration | data/amplifyData/DoraMetrics/MutationupdateDoraMetricspreAuth0Function/MutationupdateDoraMetricspreAuth0Function.AppSyncFunction (MutationupdateDoraMetricspreAuth0FunctionMutationupdateDoraMetricspreAuth0FunctionAppSyncFunctionA32ABE35)
amplify-realtimecollab-nihal-sandbox-a128d3-amplifyDataDoraMetricsNestedStackDoraMetri-2IVZC05ZM4IN |  56 | 4:58:25 PM | CREATE_COMPLETE | AWS::AppSync::FunctionConfiguration | data/amplifyData/DoraMetrics/MutationupdateDoraMetricspostAuth0Function/MutationupdateDoraMetricspostAuth0Function.AppSyncFunction (MutationupdateDoraMetricspostAuth0FunctionMutationupdateDoraMetricspostAuth0FunctionAppSyncFunction9A5E88BE)
amplify-realtimecollab-nihal-sandbox-a128d3-amplifyDataDoraMetricsNestedStackDoraMetri-2IVZC05ZM4IN |  56 | 4:58:25 PM | CREATE_IN_PROGRESS | AWS::AppSync::FunctionConfiguration | data/amplifyData/DoraMetrics/QuerylistDoraMetricspostAuth0Function/QuerylistDoraMetricspostAuth0Function.AppSyncFunction (QuerylistDoraMetricspostAuth0FunctionQuerylistDoraMetricspostAuth0FunctionAppSyncFunction8B88D42D) Resource creation Initiated
amplify-realtimecollab-nihal-sandbox-a128d3-amplifyDataDeploymentNestedStackDeployment-17CV4L5928WL3 |  57 | 4:58:25 PM | CREATE_COMPLETE | AWS::AppSync::FunctionConfiguration | data/amplifyData/Deployment/SubscriptionOnUpdateDeploymentDataResolverFn/SubscriptionOnUpdateDeploymentDataResolverFn.AppSyncFunction (SubscriptionOnUpdateDeploymentDataResolverFnSubscriptionOnUpdateDeploymentDataResolverFnAppSyncFunctionD0E85066)
amplify-realtimecollab-nihal-sandbox-a128d3-amplifyDataDeploymentNestedStackDeployment-17CV4L5928WL3 |  58 | 4:58:25 PM | CREATE_COMPLETE | AWS::AppSync::FunctionConfiguration | data/amplifyData/Deployment/SubscriptiononCreateDeploymentpostAuth0Function/SubscriptiononCreateDeploymentpostAuth0Function.AppSyncFunction (SubscriptiononCreateDeploymentpostAuth0FunctionSubscriptiononCreateDeploymentpostAuth0FunctionAppSyncFunctionCA0C0689)
amplify-realtimecollab-nihal-sandbox-a128d3-amplifyDataDeploymentNestedStackDeployment-17CV4L5928WL3 |  59 | 4:58:25 PM | CREATE_COMPLETE | AWS::AppSync::FunctionConfiguration | data/amplifyData/Deployment/QuerylistDeploymentsauth0Function/QuerylistDeploymentsauth0Function.AppSyncFunction (QuerylistDeploymentsauth0FunctionQuerylistDeploymentsauth0FunctionAppSyncFunction0BAA808E)
amplify-realtimecollab-nihal-sandbox-a128d3-amplifyDataDeploymentNestedStackDeployment-17CV4L5928WL3 |  60 | 4:58:25 PM | CREATE_COMPLETE | AWS::AppSync::FunctionConfiguration | data/amplifyData/Deployment/QuerylistDeploymentByRepositoryIdAndEnvironmentAndStartedAtpostAuth0Function/QuerylistDeploymentByRepositoryIdAndEnvironmentAndStartedAtpostAuth0Function.AppSyncFunction (QuerylistDeploymentByRepositoryIdAndEnvironmentAndStartedAtpostAuth0FunctionQuerylistDeploymentByRepositoryIdAndEnvironmentAndStartedAtpostAuth0FunctionAppSyncFunctionF75139E2)
amplify-realtimecollab-nihal-sandbox-a128d3-amplifyDataDoraMetricsNestedStackDoraMetri-2IVZC05ZM4IN |  61 | 4:58:25 PM | CREATE_COMPLETE | AWS::AppSync::FunctionConfiguration | data/amplifyData/DoraMetrics/QuerylistDoraMetricsauth0Function/QuerylistDoraMetricsauth0Function.AppSyncFunction (QuerylistDoraMetricsauth0FunctionQuerylistDoraMetricsauth0FunctionAppSyncFunction1BC1FA2B)
amplify-realtimecollab-nihal-sandbox-a128d3-amplifyDataDoraMetricsNestedStackDoraMetri-2IVZC05ZM4IN |  62 | 4:58:25 PM | CREATE_COMPLETE | AWS::AppSync::FunctionConfiguration | data/amplifyData/DoraMetrics/MutationcreateDoraMetricsinit0Function/MutationcreateDoraMetricsinit0Function.AppSyncFunction (MutationcreateDoraMetricsinit0FunctionMutationcreateDoraMetricsinit0FunctionAppSyncFunction4AF3AF91)
amplify-realtimecollab-nihal-sandbox-a128d3-amplifyDataDoraMetricsNestedStackDoraMetri-2IVZC05ZM4IN |  63 | 4:58:25 PM | CREATE_COMPLETE | AWS::AppSync::FunctionConfiguration | data/amplifyData/DoraMetrics/SubscriptiononUpdateDoraMetricspostAuth0Function/SubscriptiononUpdateDoraMetricspostAuth0Function.AppSyncFunction (SubscriptiononUpdateDoraMetricspostAuth0FunctionSubscriptiononUpdateDoraMetricspostAuth0FunctionAppSyncFunction6256D086)
amplify-realtimecollab-nihal-sandbox-a128d3-amplifyDataDeploymentNestedStackDeployment-17CV4L5928WL3 |  64 | 4:58:25 PM | CREATE_COMPLETE | AWS::AppSync::FunctionConfiguration | data/amplifyData/Deployment/MutationupdateDeploymentpostAuth0Function/MutationupdateDeploymentpostAuth0Function.AppSyncFunction (MutationupdateDeploymentpostAuth0FunctionMutationupdateDeploymentpostAuth0FunctionAppSyncFunction6030BC2E)
amplify-realtimecollab-nihal-sandbox-a128d3-amplifyDataDoraMetricsNestedStackDoraMetri-2IVZC05ZM4IN |  65 | 4:58:25 PM | CREATE_COMPLETE | AWS::AppSync::FunctionConfiguration | data/amplifyData/DoraMetrics/MutationcreateDoraMetricspreAuth0Function/MutationcreateDoraMetricspreAuth0Function.AppSyncFunction (MutationcreateDoraMetricspreAuth0FunctionMutationcreateDoraMetricspreAuth0FunctionAppSyncFunction516EDEFA)
amplify-realtimecollab-nihal-sandbox-a128d3-amplifyDataDoraMetricsNestedStackDoraMetri-2IVZC05ZM4IN |  66 | 4:58:25 PM | CREATE_COMPLETE | AWS::AppSync::FunctionConfiguration | data/amplifyData/DoraMetrics/SubscriptiononDeleteDoraMetricsauth0Function/SubscriptiononDeleteDoraMetricsauth0Function.AppSyncFunction (SubscriptiononDeleteDoraMetricsauth0FunctionSubscriptiononDeleteDoraMetricsauth0FunctionAppSyncFunction744ACEAA)
amplify-realtimecollab-nihal-sandbox-a128d3-amplifyDataDeploymentNestedStackDeployment-17CV4L5928WL3 |  67 | 4:58:25 PM | CREATE_COMPLETE | AWS::AppSync::FunctionConfiguration | data/amplifyData/Deployment/MutationdeleteDeploymentpostAuth0Function/MutationdeleteDeploymentpostAuth0Function.AppSyncFunction (MutationdeleteDeploymentpostAuth0FunctionMutationdeleteDeploymentpostAuth0FunctionAppSyncFunctionE4FE4F7C)
amplify-realtimecollab-nihal-sandbox-a128d3-amplifyDataDeploymentNestedStackDeployment-17CV4L5928WL3 |  67 | 4:58:26 PM | CREATE_IN_PROGRESS | AWS::AppSync::Resolver | data/amplifyData/Deployment/subscriptionOnDeleteDeploymentResolver (SubscriptiononDeleteDeploymentResolver)
amplify-realtimecollab-nihal-sandbox-a128d3-amplifyDataDeploymentNestedStackDeployment-17CV4L5928WL3 |  67 | 4:58:26 PM | CREATE_IN_PROGRESS | AWS::AppSync::Resolver | data/amplifyData/Deployment/subscriptionOnUpdateDeploymentResolver (SubscriptiononUpdateDeploymentResolver)
amplify-realtimecollab-nihal-sandbox-a128d3-amplifyDataDeploymentNestedStackDeployment-17CV4L5928WL3 |  67 | 4:58:27 PM | CREATE_IN_PROGRESS | AWS::AppSync::Resolver | data/amplifyData/Deployment/subscriptionOnCreateDeploymentResolver (SubscriptiononCreateDeploymentResolver)
amplify-realtimecollab-nihal-sandbox-a128d3-amplifyDataBuildNestedStackBuildNestedStac-1O4H0R8Y1ZC8E |  68 | 4:58:28 PM | CREATE_COMPLETE | AWS::AppSync::FunctionConfiguration | data/amplifyData/Build/QuerylistBuildByRepositoryIdAndStartedAtauth0Function/QuerylistBuildByRepositoryIdAndStartedAtauth0Function.AppSyncFunction (QuerylistBuildByRepositoryIdAndStartedAtauth0FunctionQuerylistBuildByRepositoryIdAndStartedAtauth0FunctionAppSyncFunction1B63F756)
amplify-realtimecollab-nihal-sandbox-a128d37061-function1351588B-K477SFBL2QXG |  69 | 4:58:28 PM | CREATE_COMPLETE | AWS::Lambda::Function | function/calculate-dora-metrics-lambda (calculatedorametricslambda6E16A3C4)
amplify-realtimecollab-nihal-sandbox-a128d3-amplifyDataDeploymentNestedStackDeployment-17CV4L5928WL3 |  69 | 4:58:27 PM | CREATE_IN_PROGRESS | AWS::AppSync::Resolver | data/amplifyData/Deployment/subscriptionOnUpdateDeploymentResolver (SubscriptiononUpdateDeploymentResolver) Resource creation Initiated
amplify-realtimecollab-nihal-sandbox-a128d3-amplifyDataDoraMetricsNestedStackDoraMetri-2IVZC05ZM4IN |  69 | 4:58:27 PM | CREATE_IN_PROGRESS | AWS::AppSync::Resolver | data/amplifyData/DoraMetrics/subscriptionOnUpdateDoraMetricsResolver (SubscriptiononUpdateDoraMetricsResolver)
amplify-realtimecollab-nihal-sandbox-a128d3-amplifyDataDoraMetricsNestedStackDoraMetri-2IVZC05ZM4IN |  69 | 4:58:27 PM | CREATE_IN_PROGRESS | AWS::AppSync::Resolver | data/amplifyData/DoraMetrics/subscriptionOnDeleteDoraMetricsResolver (SubscriptiononDeleteDoraMetricsResolver)
amplify-realtimecollab-nihal-sandbox-a128d3-amplifyDataDeploymentNestedStackDeployment-17CV4L5928WL3 |  69 | 4:58:27 PM | CREATE_IN_PROGRESS | AWS::AppSync::Resolver | data/amplifyData/Deployment/subscriptionOnDeleteDeploymentResolver (SubscriptiononDeleteDeploymentResolver) Resource creation Initiated
amplify-realtimecollab-nihal-sandbox-a128d3-amplifyDataDeploymentNestedStackDeployment-17CV4L5928WL3 |  69 | 4:58:27 PM | CREATE_IN_PROGRESS | AWS::AppSync::Resolver | data/amplifyData/Deployment/subscriptionOnCreateDeploymentResolver (SubscriptiononCreateDeploymentResolver) Resource creation Initiated
amplify-realtimecollab-nihal-sandbox-a128d3-amplifyDataDoraMetricsNestedStackDoraMetri-2IVZC05ZM4IN |  69 | 4:58:28 PM | CREATE_IN_PROGRESS | AWS::AppSync::Resolver | data/amplifyData/DoraMetrics/subscriptionOnUpdateDoraMetricsResolver (SubscriptiononUpdateDoraMetricsResolver) Resource creation Initiated
amplify-realtimecollab-nihal-sandbox-a128d3-amplifyDataDeploymentNestedStackDeployment-17CV4L5928WL3 |  70 | 4:58:28 PM | CREATE_COMPLETE | AWS::AppSync::FunctionConfiguration | data/amplifyData/Deployment/MutationcreateDeploymentpreAuth0Function/MutationcreateDeploymentpreAuth0Function.AppSyncFunction (MutationcreateDeploymentpreAuth0FunctionMutationcreateDeploymentpreAuth0FunctionAppSyncFunctionFC4A2CB0)
amplify-realtimecollab-nihal-sandbox-a128d3-amplifyDataDoraMetricsNestedStackDoraMetri-2IVZC05ZM4IN |  70 | 4:58:28 PM | CREATE_IN_PROGRESS | AWS::AppSync::Resolver | data/amplifyData/DoraMetrics/subscriptionOnDeleteDoraMetricsResolver (SubscriptiononDeleteDoraMetricsResolver) Resource creation Initiated
amplify-realtimecollab-nihal-sandbox-a128d3-amplifyDataDoraMetricsNestedStackDoraMetri-2IVZC05ZM4IN |  71 | 4:58:28 PM | CREATE_COMPLETE | AWS::AppSync::FunctionConfiguration | data/amplifyData/DoraMetrics/MutationcreateDoraMetricsauth0Function/MutationcreateDoraMetricsauth0Function.AppSyncFunction (MutationcreateDoraMetricsauth0FunctionMutationcreateDoraMetricsauth0FunctionAppSyncFunction900A0BAD)
amplify-realtimecollab-nihal-sandbox-a128d3-amplifyDataDoraMetricsNestedStackDoraMetri-2IVZC05ZM4IN |  72 | 4:58:28 PM | CREATE_COMPLETE | AWS::AppSync::FunctionConfiguration | data/amplifyData/DoraMetrics/MutationcreateDoraMetricspreAuth1Function/MutationcreateDoraMetricspreAuth1Function.AppSyncFunction (MutationcreateDoraMetricspreAuth1FunctionMutationcreateDoraMetricspreAuth1FunctionAppSyncFunctionD6870A6D)
amplify-realtimecollab-nihal-sandbox-a128d3-amplifyDataBuildNestedStackBuildNestedStac-1O4H0R8Y1ZC8E |  73 | 4:58:28 PM | UPDATE_COMPLETE | AWS::AppSync::FunctionConfiguration | data/amplifyData/Build/MutationcreateBuildauth0Function/MutationcreateBuildauth0Function.AppSyncFunction (MutationcreateBuildauth0FunctionMutationcreateBuildauth0FunctionAppSyncFunctionCCBC1014)
amplify-realtimecollab-nihal-sandbox-a128d3-amplifyDataDoraMetricsNestedStackDoraMetri-2IVZC05ZM4IN |  74 | 4:58:28 PM | CREATE_COMPLETE | AWS::AppSync::FunctionConfiguration | data/amplifyData/DoraMetrics/SubscriptionOnCreateDoraMetricsDataResolverFn/SubscriptionOnCreateDoraMetricsDataResolverFn.AppSyncFunction (SubscriptionOnCreateDoraMetricsDataResolverFnSubscriptionOnCreateDoraMetricsDataResolverFnAppSyncFunction31A8AF0F)
amplify-realtimecollab-nihal-sandbox-a128d3-amplifyDataRepositoryNestedStackRepository-G746WCW6AA2C |  75 | 4:58:28 PM | UPDATE_COMPLETE | AWS::AppSync::FunctionConfiguration | data/amplifyData/Repository/MutationcreateRepositoryauth0Function/MutationcreateRepositoryauth0Function.AppSyncFunction (MutationcreateRepositoryauth0FunctionMutationcreateRepositoryauth0FunctionAppSyncFunction5BA0E641)
amplify-realtimecollab-nihal-sandbox-a128d3-amplifyDataDoraMetricsNestedStackDoraMetri-2IVZC05ZM4IN |  76 | 4:58:28 PM | CREATE_COMPLETE | AWS::AppSync::FunctionConfiguration | data/amplifyData/DoraMetrics/SubscriptiononCreateDoraMetricsauth0Function/SubscriptiononCreateDoraMetricsauth0Function.AppSyncFunction (SubscriptiononCreateDoraMetricsauth0FunctionSubscriptiononCreateDoraMetricsauth0FunctionAppSyncFunction3F5F581A)
amplify-realtimecollab-nihal-sandbox-a128d3-amplifyDataDeploymentNestedStackDeployment-17CV4L5928WL3 |  77 | 4:58:28 PM | CREATE_COMPLETE | AWS::AppSync::FunctionConfiguration | data/amplifyData/Deployment/QuerylistDeploymentByRepositoryIdAndEnvironmentAndStartedAtauth0Function/QuerylistDeploymentByRepositoryIdAndEnvironmentAndStartedAtauth0Function.AppSyncFunction (QuerylistDeploymentByRepositoryIdAndEnvironmentAndStartedAtauth0FunctionQuerylistDeploymentByRepositoryIdAndEnvironmentAndStartedAtauth0FunctionAppSyncFunctionFCBB582D)
amplify-realtimecollab-nihal-sandbox-a128d3-amplifyDataTeamNestedStackTeamNestedStackR-18IFBN5O9RODO |  78 | 4:58:28 PM | UPDATE_COMPLETE | AWS::AppSync::FunctionConfiguration | data/amplifyData/Team/MutationupdateTeamauth0Function/MutationupdateTeamauth0Function.AppSyncFunction (MutationupdateTeamauth0FunctionMutationupdateTeamauth0FunctionAppSyncFunction3DE8CD13)
amplify-realtimecollab-nihal-sandbox-a128d3-amplifyDataDeploymentNestedStackDeployment-17CV4L5928WL3 |  79 | 4:58:28 PM | CREATE_COMPLETE | AWS::AppSync::FunctionConfiguration | data/amplifyData/Deployment/QuerygetDeploymentauth0Function/QuerygetDeploymentauth0Function.AppSyncFunction (QuerygetDeploymentauth0FunctionQuerygetDeploymentauth0FunctionAppSyncFunctionB8F6F011)
amplify-realtimecollab-nihal-sandbox-a128d3-amplifyDataDoraMetricsNestedStackDoraMetri-2IVZC05ZM4IN |  80 | 4:58:29 PM | CREATE_COMPLETE | AWS::AppSync::FunctionConfiguration | data/amplifyData/DoraMetrics/QuerylistDoraMetricspostAuth0Function/QuerylistDoraMetricspostAuth0Function.AppSyncFunction (QuerylistDoraMetricspostAuth0FunctionQuerylistDoraMetricspostAuth0FunctionAppSyncFunction8B88D42D)
amplify-realtimecollab-nihal-sandbox-a128d3-amplifyDataTeamNestedStackTeamNestedStackR-18IFBN5O9RODO |  81 | 4:58:29 PM | UPDATE_COMPLETE | AWS::AppSync::FunctionConfiguration | data/amplifyData/Team/MutationcreateTeamauth0Function/MutationcreateTeamauth0Function.AppSyncFunction (MutationcreateTeamauth0FunctionMutationcreateTeamauth0FunctionAppSyncFunction78AFE9CC)
amplify-realtimecollab-nihal-sandbox-a128d3-amplifyDataDeploymentNestedStackDeployment-17CV4L5928WL3 |  82 | 4:58:29 PM | CREATE_COMPLETE | AWS::AppSync::Resolver | data/amplifyData/Deployment/subscriptionOnUpdateDeploymentResolver (SubscriptiononUpdateDeploymentResolver)
amplify-realtimecollab-nihal-sandbox-a128d37061-function1351588B-K477SFBL2QXG |  83 | 4:58:29 PM | UPDATE_COMPLETE_CLEANUP_IN_PROGRESS | AWS::CloudFormation::Stack | amplify-realtimecollab-nihal-sandbox-a128d37061-function1351588B-K477SFBL2QXG
amplify-realtimecollab-nihal-sandbox-a128d3-amplifyDataRepositoryNestedStackRepository-G746WCW6AA2C |  84 | 4:58:29 PM | UPDATE_COMPLETE | AWS::AppSync::FunctionConfiguration | data/amplifyData/Repository/MutationupdateRepositoryauth0Function/MutationupdateRepositoryauth0Function.AppSyncFunction (MutationupdateRepositoryauth0FunctionMutationupdateRepositoryauth0FunctionAppSyncFunction2B118EDB)
amplify-realtimecollab-nihal-sandbox-a128d3-amplifyDataDeploymentNestedStackDeployment-17CV4L5928WL3 |  85 | 4:58:29 PM | CREATE_COMPLETE | AWS::AppSync::Resolver | data/amplifyData/Deployment/subscriptionOnDeleteDeploymentResolver (SubscriptiononDeleteDeploymentResolver)
amplify-realtimecollab-nihal-sandbox-a128d3-amplifyDataDeploymentNestedStackDeployment-17CV4L5928WL3 |  86 | 4:58:29 PM | CREATE_COMPLETE | AWS::AppSync::Resolver | data/amplifyData/Deployment/subscriptionOnCreateDeploymentResolver (SubscriptiononCreateDeploymentResolver)
amplify-realtimecollab-nihal-sandbox-a128d3-amplifyDataDoraMetricsNestedStackDoraMetri-2IVZC05ZM4IN |  86 | 4:58:30 PM | CREATE_IN_PROGRESS | AWS::AppSync::Resolver | data/amplifyData/DoraMetrics/subscriptionOnCreateDoraMetricsResolver (SubscriptiononCreateDoraMetricsResolver)
amplify-realtimecollab-nihal-sandbox-a128d3-amplifyDataDoraMetricsNestedStackDoraMetri-2IVZC05ZM4IN |  87 | 4:58:30 PM | CREATE_COMPLETE | AWS::AppSync::Resolver | data/amplifyData/DoraMetrics/subscriptionOnDeleteDoraMetricsResolver (SubscriptiononDeleteDoraMetricsResolver)
amplify-realtimecollab-nihal-sandbox-a128d3-amplifyDataDoraMetricsNestedStackDoraMetri-2IVZC05ZM4IN |  88 | 4:58:30 PM | CREATE_COMPLETE | AWS::AppSync::Resolver | data/amplifyData/DoraMetrics/subscriptionOnUpdateDoraMetricsResolver (SubscriptiononUpdateDoraMetricsResolver)
amplify-realtimecollab-nihal-sandbox-a128d3-amplifyDataDoraMetricsNestedStackDoraMetri-2IVZC05ZM4IN |  88 | 4:58:30 PM | CREATE_IN_PROGRESS | AWS::AppSync::Resolver | data/amplifyData/DoraMetrics/subscriptionOnCreateDoraMetricsResolver (SubscriptiononCreateDoraMetricsResolver) Resource creation Initiated
amplify-realtimecollab-nihal-sandbox-a128d3-amplifyDataTeamNestedStackTeamNestedStackR-18IFBN5O9RODO |  89 | 4:58:32 PM | UPDATE_COMPLETE_CLEANUP_IN_PROGRESS | AWS::CloudFormation::Stack | amplify-realtimecollab-nihal-sandbox-a128d3-amplifyDataTeamNestedStackTeamNestedStackR-18IFBN5O9RODO
amplify-realtimecollab-nihal-sandbox-a128d3-amplifyDataDoraMetricsNestedStackDoraMetri-2IVZC05ZM4IN |  90 | 4:58:32 PM | CREATE_COMPLETE | AWS::AppSync::Resolver | data/amplifyData/DoraMetrics/subscriptionOnCreateDoraMetricsResolver (SubscriptiononCreateDoraMetricsResolver)
amplify-realtimecollab-nihal-sandbox-a128d3-amplifyDataRepositoryNestedStackRepository-G746WCW6AA2C |  91 | 4:58:32 PM | UPDATE_COMPLETE_CLEANUP_IN_PROGRESS | AWS::CloudFormation::Stack | amplify-realtimecollab-nihal-sandbox-a128d3-amplifyDataRepositoryNestedStackRepository-G746WCW6AA2C
amplify-realtimecollab-nihal-sandbox-a128d37061 |  92 | 4:58:33 PM | UPDATE_COMPLETE | AWS::CloudFormation::Stack | function.NestedStack/function.NestedStackResource (function1351588B)
amplify-realtimecollab-nihal-sandbox-a128d37061 |  92 | 4:58:34 PM | CREATE_IN_PROGRESS | AWS::CloudFormation::Stack | DoraMetricsSchedule.NestedStack/DoraMetricsSchedule.NestedStackResource (DoraMetricsScheduleC5215DBF)
amplify-realtimecollab-nihal-sandbox-a128d37061 |  92 | 4:58:34 PM | CREATE_IN_PROGRESS | AWS::CloudFormation::Stack | DoraMetricsSchedule.NestedStack/DoraMetricsSchedule.NestedStackResource (DoraMetricsScheduleC5215DBF) Resource creation Initiated
amplify-realtimecollab-nihal-sandbox-a128d37061-DoraMetricsScheduleC5215DBF-A3SH7FHIHYF3 |  92 | 4:58:37 PM | CREATE_IN_PROGRESS | AWS::CDK::Metadata | auth/CDKMetadata/Default (CDKMetadata)
amplify-realtimecollab-nihal-sandbox-a128d37061-DoraMetricsScheduleC5215DBF-A3SH7FHIHYF3 |  92 | 4:58:37 PM | CREATE_IN_PROGRESS | AWS::Events::Rule | DoraMetricsSchedule/DoraMetricsCalculationRule (DoraMetricsCalculationRule4C9429D7)
amplify-realtimecollab-nihal-sandbox-a128d37061-DoraMetricsScheduleC5215DBF-A3SH7FHIHYF3 |  92 | 4:58:38 PM | CREATE_IN_PROGRESS | AWS::Events::Rule | DoraMetricsSchedule/DoraMetricsCalculationRule (DoraMetricsCalculationRule4C9429D7) Resource creation Initiated
amplify-realtimecollab-nihal-sandbox-a128d37061-DoraMetricsScheduleC5215DBF-A3SH7FHIHYF3 |  92 | 4:58:38 PM | CREATE_IN_PROGRESS | AWS::CDK::Metadata | auth/CDKMetadata/Default (CDKMetadata) Resource creation Initiated
amplify-realtimecollab-nihal-sandbox-a128d37061-DoraMetricsScheduleC5215DBF-A3SH7FHIHYF3 |  91 | 4:58:38 PM | CREATE_COMPLETE | AWS::CDK::Metadata | auth/CDKMetadata/Default (CDKMetadata)
amplify-realtimecollab-nihal-sandbox-a128d37061-data7552DF31-8IQXOVAWUOV |  92 | 4:58:40 PM | UPDATE_COMPLETE | AWS::CloudFormation::Stack | data/amplifyData/Team.NestedStack/Team.NestedStackResource (amplifyDataTeamNestedStackTeamNestedStackResource39C028EF)
amplify-realtimecollab-nihal-sandbox-a128d37061-data7552DF31-8IQXOVAWUOV |  93 | 4:58:40 PM | UPDATE_COMPLETE | AWS::CloudFormation::Stack | data/amplifyData/Repository.NestedStack/Repository.NestedStackResource (amplifyDataRepositoryNestedStackRepositoryNestedStackResourceE39910F2)
amplify-realtimecollab-nihal-sandbox-a128d3-amplifyDataDeploymentNestedStackDeployment-17CV4L5928WL3 |  94 | 4:58:41 PM | CREATE_COMPLETE | AWS::IAM::Role | data/amplifyData/Deployment/DeploymentIAMRole (DeploymentIAMRoleC6952F89)
amplify-realtimecollab-nihal-sandbox-a128d3-amplifyDataDoraMetricsNestedStackDoraMetri-2IVZC05ZM4IN |  95 | 4:58:42 PM | CREATE_COMPLETE | AWS::IAM::Role | data/amplifyData/DoraMetrics/DoraMetricsIAMRole (DoraMetricsIAMRoleA5D7DD0B)
amplify-realtimecollab-nihal-sandbox-a128d3-amplifyDataDeploymentNestedStackDeployment-17CV4L5928WL3 |  95 | 4:58:49 PM | CREATE_IN_PROGRESS | Custom::AmplifyDynamoDBTable | data/amplifyData/Deployment/DeploymentTable/Default/Default (DeploymentTable) Resource creation Initiated
amplify-realtimecollab-nihal-sandbox-a128d3-amplifyDataDeploymentNestedStackDeployment-17CV4L5928WL3 |  96 | 4:58:50 PM | CREATE_COMPLETE | Custom::AmplifyDynamoDBTable | data/amplifyData/Deployment/DeploymentTable/Default/Default (DeploymentTable)
amplify-realtimecollab-nihal-sandbox-a128d3-amplifyDataDeploymentNestedStackDeployment-17CV4L5928WL3 |  96 | 4:58:51 PM | CREATE_IN_PROGRESS | AWS::AppSync::DataSource | data/amplifyData/Deployment/DeploymentDataSource (DeploymentDataSource)
amplify-realtimecollab-nihal-sandbox-a128d3-amplifyDataDeploymentNestedStackDeployment-17CV4L5928WL3 |  96 | 4:58:52 PM | CREATE_IN_PROGRESS | AWS::AppSync::DataSource | data/amplifyData/Deployment/DeploymentDataSource (DeploymentDataSource) Resource creation Initiated
amplify-realtimecollab-nihal-sandbox-a128d3-amplifyDataDeploymentNestedStackDeployment-17CV4L5928WL3 |  97 | 4:58:52 PM | CREATE_COMPLETE | AWS::AppSync::DataSource | data/amplifyData/Deployment/DeploymentDataSource (DeploymentDataSource)
amplify-realtimecollab-nihal-sandbox-a128d3-amplifyDataDeploymentNestedStackDeployment-17CV4L5928WL3 |  97 | 4:58:52 PM | CREATE_IN_PROGRESS | AWS::AppSync::FunctionConfiguration | data/amplifyData/Deployment/MutationdeleteDeploymentauth0Function/MutationdeleteDeploymentauth0Function.AppSyncFunction (MutationdeleteDeploymentauth0FunctionMutationdeleteDeploymentauth0FunctionAppSyncFunctionB89C533B)
amplify-realtimecollab-nihal-sandbox-a128d3-amplifyDataDeploymentNestedStackDeployment-17CV4L5928WL3 |  97 | 4:58:52 PM | CREATE_IN_PROGRESS | AWS::AppSync::FunctionConfiguration | data/amplifyData/Deployment/MutationUpdateDeploymentDataResolverFn/MutationUpdateDeploymentDataResolverFn.AppSyncFunction (MutationUpdateDeploymentDataResolverFnMutationUpdateDeploymentDataResolverFnAppSyncFunctionF4BDE1E0)
amplify-realtimecollab-nihal-sandbox-a128d3-amplifyDataDeploymentNestedStackDeployment-17CV4L5928WL3 |  97 | 4:58:52 PM | CREATE_IN_PROGRESS | AWS::AppSync::FunctionConfiguration | data/amplifyData/Deployment/QueryListDeploymentByRepositoryIdAndEnvironmentAndStartedAtDataResolverFn/QueryListDeploymentByRepositoryIdAndEnvironmentAndStartedAtDataResolverFn.AppSyncFunction (QueryListDeploymentByRepositoryIdAndEnvironmentAndStartedAtDataResolverFnQueryListDeploymentByRepositoryIdAndEnvironmentAndStartedAtDataResolverFnAppSyncFunctionD4B24732)
amplify-realtimecollab-nihal-sandbox-a128d3-amplifyDataDeploymentNestedStackDeployment-17CV4L5928WL3 |  97 | 4:58:52 PM | CREATE_IN_PROGRESS | AWS::AppSync::FunctionConfiguration | data/amplifyData/Deployment/QueryListDeploymentsDataResolverFn/QueryListDeploymentsDataResolverFn.AppSyncFunction (QueryListDeploymentsDataResolverFnQueryListDeploymentsDataResolverFnAppSyncFunction0C18AAE2)
amplify-realtimecollab-nihal-sandbox-a128d3-amplifyDataDeploymentNestedStackDeployment-17CV4L5928WL3 |  97 | 4:58:52 PM | CREATE_IN_PROGRESS | AWS::AppSync::FunctionConfiguration | data/amplifyData/Deployment/MutationCreateDeploymentDataResolverFn/MutationCreateDeploymentDataResolverFn.AppSyncFunction (MutationCreateDeploymentDataResolverFnMutationCreateDeploymentDataResolverFnAppSyncFunction0AE23BB3)
amplify-realtimecollab-nihal-sandbox-a128d3-amplifyDataDeploymentNestedStackDeployment-17CV4L5928WL3 |  97 | 4:58:52 PM | CREATE_IN_PROGRESS | AWS::AppSync::FunctionConfiguration | data/amplifyData/Deployment/QueryGetDeploymentDataResolverFn/QueryGetDeploymentDataResolverFn.AppSyncFunction (QueryGetDeploymentDataResolverFnQueryGetDeploymentDataResolverFnAppSyncFunctionFC7BCA33)
amplify-realtimecollab-nihal-sandbox-a128d3-amplifyDataDeploymentNestedStackDeployment-17CV4L5928WL3 |  97 | 4:58:52 PM | CREATE_IN_PROGRESS | AWS::AppSync::FunctionConfiguration | data/amplifyData/Deployment/MutationDeleteDeploymentDataResolverFn/MutationDeleteDeploymentDataResolverFn.AppSyncFunction (MutationDeleteDeploymentDataResolverFnMutationDeleteDeploymentDataResolverFnAppSyncFunctionE6B05CE6)
amplify-realtimecollab-nihal-sandbox-a128d3-amplifyDataDeploymentNestedStackDeployment-17CV4L5928WL3 |  97 | 4:58:53 PM | CREATE_IN_PROGRESS | AWS::AppSync::FunctionConfiguration | data/amplifyData/Deployment/MutationupdateDeploymentauth0Function/MutationupdateDeploymentauth0Function.AppSyncFunction (MutationupdateDeploymentauth0FunctionMutationupdateDeploymentauth0FunctionAppSyncFunctionA95EBCBC)
amplify-realtimecollab-nihal-sandbox-a128d3-amplifyDataDeploymentNestedStackDeployment-17CV4L5928WL3 |  97 | 4:58:53 PM | CREATE_IN_PROGRESS | AWS::AppSync::FunctionConfiguration | data/amplifyData/Deployment/MutationdeleteDeploymentauth0Function/MutationdeleteDeploymentauth0Function.AppSyncFunction (MutationdeleteDeploymentauth0FunctionMutationdeleteDeploymentauth0FunctionAppSyncFunctionB89C533B) Resource creation Initiated
amplify-realtimecollab-nihal-sandbox-a128d3-amplifyDataDeploymentNestedStackDeployment-17CV4L5928WL3 |  97 | 4:58:53 PM | CREATE_IN_PROGRESS | AWS::AppSync::FunctionConfiguration | data/amplifyData/Deployment/MutationCreateDeploymentDataResolverFn/MutationCreateDeploymentDataResolverFn.AppSyncFunction (MutationCreateDeploymentDataResolverFnMutationCreateDeploymentDataResolverFnAppSyncFunction0AE23BB3) Resource creation Initiated
amplify-realtimecollab-nihal-sandbox-a128d3-amplifyDataDeploymentNestedStackDeployment-17CV4L5928WL3 |  97 | 4:58:53 PM | CREATE_IN_PROGRESS | AWS::AppSync::FunctionConfiguration | data/amplifyData/Deployment/MutationDeleteDeploymentDataResolverFn/MutationDeleteDeploymentDataResolverFn.AppSyncFunction (MutationDeleteDeploymentDataResolverFnMutationDeleteDeploymentDataResolverFnAppSyncFunctionE6B05CE6) Resource creation Initiated
amplify-realtimecollab-nihal-sandbox-a128d3-amplifyDataDeploymentNestedStackDeployment-17CV4L5928WL3 |  97 | 4:58:54 PM | CREATE_IN_PROGRESS | AWS::AppSync::FunctionConfiguration | data/amplifyData/Deployment/MutationUpdateDeploymentDataResolverFn/MutationUpdateDeploymentDataResolverFn.AppSyncFunction (MutationUpdateDeploymentDataResolverFnMutationUpdateDeploymentDataResolverFnAppSyncFunctionF4BDE1E0) Resource creation Initiated
amplify-realtimecollab-nihal-sandbox-a128d3-amplifyDataDeploymentNestedStackDeployment-17CV4L5928WL3 |  97 | 4:58:54 PM | CREATE_IN_PROGRESS | AWS::AppSync::FunctionConfiguration | data/amplifyData/Deployment/QueryGetDeploymentDataResolverFn/QueryGetDeploymentDataResolverFn.AppSyncFunction (QueryGetDeploymentDataResolverFnQueryGetDeploymentDataResolverFnAppSyncFunctionFC7BCA33) Resource creation Initiated
amplify-realtimecollab-nihal-sandbox-a128d3-amplifyDataDeploymentNestedStackDeployment-17CV4L5928WL3 |  97 | 4:58:54 PM | CREATE_IN_PROGRESS | AWS::AppSync::FunctionConfiguration | data/amplifyData/Deployment/QueryListDeploymentsDataResolverFn/QueryListDeploymentsDataResolverFn.AppSyncFunction (QueryListDeploymentsDataResolverFnQueryListDeploymentsDataResolverFnAppSyncFunction0C18AAE2) Resource creation Initiated
amplify-realtimecollab-nihal-sandbox-a128d3-amplifyDataDeploymentNestedStackDeployment-17CV4L5928WL3 |  98 | 4:58:54 PM | CREATE_COMPLETE | AWS::AppSync::FunctionConfiguration | data/amplifyData/Deployment/MutationdeleteDeploymentauth0Function/MutationdeleteDeploymentauth0Function.AppSyncFunction (MutationdeleteDeploymentauth0FunctionMutationdeleteDeploymentauth0FunctionAppSyncFunctionB89C533B)
amplify-realtimecollab-nihal-sandbox-a128d3-amplifyDataDeploymentNestedStackDeployment-17CV4L5928WL3 |  98 | 4:58:54 PM | CREATE_IN_PROGRESS | AWS::AppSync::FunctionConfiguration | data/amplifyData/Deployment/MutationupdateDeploymentauth0Function/MutationupdateDeploymentauth0Function.AppSyncFunction (MutationupdateDeploymentauth0FunctionMutationupdateDeploymentauth0FunctionAppSyncFunctionA95EBCBC) Resource creation Initiated
amplify-realtimecollab-nihal-sandbox-a128d3-amplifyDataDeploymentNestedStackDeployment-17CV4L5928WL3 |  98 | 4:58:54 PM | CREATE_IN_PROGRESS | AWS::AppSync::FunctionConfiguration | data/amplifyData/Deployment/QueryListDeploymentByRepositoryIdAndEnvironmentAndStartedAtDataResolverFn/QueryListDeploymentByRepositoryIdAndEnvironmentAndStartedAtDataResolverFn.AppSyncFunction (QueryListDeploymentByRepositoryIdAndEnvironmentAndStartedAtDataResolverFnQueryListDeploymentByRepositoryIdAndEnvironmentAndStartedAtDataResolverFnAppSyncFunctionD4B24732) Resource creation Initiated
amplify-realtimecollab-nihal-sandbox-a128d3-amplifyDataDeploymentNestedStackDeployment-17CV4L5928WL3 |  99 | 4:58:54 PM | CREATE_COMPLETE | AWS::AppSync::FunctionConfiguration | data/amplifyData/Deployment/MutationDeleteDeploymentDataResolverFn/MutationDeleteDeploymentDataResolverFn.AppSyncFunction (MutationDeleteDeploymentDataResolverFnMutationDeleteDeploymentDataResolverFnAppSyncFunctionE6B05CE6)
amplify-realtimecollab-nihal-sandbox-a128d3-amplifyDataDeploymentNestedStackDeployment-17CV4L5928WL3 | 100 | 4:58:54 PM | CREATE_COMPLETE | AWS::AppSync::FunctionConfiguration | data/amplifyData/Deployment/MutationCreateDeploymentDataResolverFn/MutationCreateDeploymentDataResolverFn.AppSyncFunction (MutationCreateDeploymentDataResolverFnMutationCreateDeploymentDataResolverFnAppSyncFunction0AE23BB3)
amplify-realtimecollab-nihal-sandbox-a128d3-amplifyDataDeploymentNestedStackDeployment-17CV4L5928WL3 | 101 | 4:58:54 PM | CREATE_COMPLETE | AWS::AppSync::FunctionConfiguration | data/amplifyData/Deployment/MutationUpdateDeploymentDataResolverFn/MutationUpdateDeploymentDataResolverFn.AppSyncFunction (MutationUpdateDeploymentDataResolverFnMutationUpdateDeploymentDataResolverFnAppSyncFunctionF4BDE1E0)
amplify-realtimecollab-nihal-sandbox-a128d3-amplifyDataDeploymentNestedStackDeployment-17CV4L5928WL3 | 102 | 4:58:54 PM | CREATE_COMPLETE | AWS::AppSync::FunctionConfiguration | data/amplifyData/Deployment/QueryGetDeploymentDataResolverFn/QueryGetDeploymentDataResolverFn.AppSyncFunction (QueryGetDeploymentDataResolverFnQueryGetDeploymentDataResolverFnAppSyncFunctionFC7BCA33)
amplify-realtimecollab-nihal-sandbox-a128d3-amplifyDataDeploymentNestedStackDeployment-17CV4L5928WL3 | 103 | 4:58:55 PM | CREATE_COMPLETE | AWS::AppSync::FunctionConfiguration | data/amplifyData/Deployment/QueryListDeploymentsDataResolverFn/QueryListDeploymentsDataResolverFn.AppSyncFunction (QueryListDeploymentsDataResolverFnQueryListDeploymentsDataResolverFnAppSyncFunction0C18AAE2)
amplify-realtimecollab-nihal-sandbox-a128d3-amplifyDataDeploymentNestedStackDeployment-17CV4L5928WL3 | 104 | 4:58:55 PM | CREATE_COMPLETE | AWS::AppSync::FunctionConfiguration | data/amplifyData/Deployment/MutationupdateDeploymentauth0Function/MutationupdateDeploymentauth0Function.AppSyncFunction (MutationupdateDeploymentauth0FunctionMutationupdateDeploymentauth0FunctionAppSyncFunctionA95EBCBC)
amplify-realtimecollab-nihal-sandbox-a128d3-amplifyDataDeploymentNestedStackDeployment-17CV4L5928WL3 | 105 | 4:58:55 PM | CREATE_COMPLETE | AWS::AppSync::FunctionConfiguration | data/amplifyData/Deployment/QueryListDeploymentByRepositoryIdAndEnvironmentAndStartedAtDataResolverFn/QueryListDeploymentByRepositoryIdAndEnvironmentAndStartedAtDataResolverFn.AppSyncFunction (QueryListDeploymentByRepositoryIdAndEnvironmentAndStartedAtDataResolverFnQueryListDeploymentByRepositoryIdAndEnvironmentAndStartedAtDataResolverFnAppSyncFunctionD4B24732)
amplify-realtimecollab-nihal-sandbox-a128d3-amplifyDataDeploymentNestedStackDeployment-17CV4L5928WL3 | 105 | 4:58:56 PM | CREATE_IN_PROGRESS | AWS::AppSync::Resolver | data/amplifyData/Deployment/queryGetDeploymentResolver (GetDeploymentResolver)
amplify-realtimecollab-nihal-sandbox-a128d3-amplifyDataDeploymentNestedStackDeployment-17CV4L5928WL3 | 105 | 4:58:56 PM | CREATE_IN_PROGRESS | AWS::AppSync::Resolver | data/amplifyData/Deployment/mutationDeleteDeploymentResolver (DeleteDeploymentResolver)
amplify-realtimecollab-nihal-sandbox-a128d3-amplifyDataDeploymentNestedStackDeployment-17CV4L5928WL3 | 105 | 4:58:56 PM | CREATE_IN_PROGRESS | AWS::AppSync::Resolver | data/amplifyData/Deployment/mutationCreateDeploymentResolver (CreateDeploymentResolver)
amplify-realtimecollab-nihal-sandbox-a128d3-amplifyDataDeploymentNestedStackDeployment-17CV4L5928WL3 | 105 | 4:58:56 PM | CREATE_IN_PROGRESS | AWS::AppSync::Resolver | data/amplifyData/Deployment/queryListDeploymentsResolver (ListDeploymentResolver)
amplify-realtimecollab-nihal-sandbox-a128d3-amplifyDataDeploymentNestedStackDeployment-17CV4L5928WL3 | 105 | 4:58:56 PM | CREATE_IN_PROGRESS | AWS::AppSync::Resolver | data/amplifyData/Deployment/queryListDeploymentByRepositoryIdAndEnvironmentAndStartedAtResolver (QuerylistDeploymentByRepositoryIdAndEnvironmentAndStartedAtResolver)
amplify-realtimecollab-nihal-sandbox-a128d3-amplifyDataDeploymentNestedStackDeployment-17CV4L5928WL3 | 105 | 4:58:56 PM | CREATE_IN_PROGRESS | AWS::AppSync::Resolver | data/amplifyData/Deployment/mutationDeleteDeploymentResolver (DeleteDeploymentResolver) Resource creation Initiated
amplify-realtimecollab-nihal-sandbox-a128d3-amplifyDataDeploymentNestedStackDeployment-17CV4L5928WL3 | 105 | 4:58:56 PM | CREATE_IN_PROGRESS | AWS::AppSync::Resolver | data/amplifyData/Deployment/mutationUpdateDeploymentResolver (UpdateDeploymentResolver)
amplify-realtimecollab-nihal-sandbox-a128d3-amplifyDataDeploymentNestedStackDeployment-17CV4L5928WL3 | 105 | 4:58:57 PM | CREATE_IN_PROGRESS | AWS::AppSync::Resolver | data/amplifyData/Deployment/queryGetDeploymentResolver (GetDeploymentResolver) Resource creation Initiated
amplify-realtimecollab-nihal-sandbox-a128d3-amplifyDataDeploymentNestedStackDeployment-17CV4L5928WL3 | 105 | 4:58:57 PM | CREATE_IN_PROGRESS | AWS::AppSync::Resolver | data/amplifyData/Deployment/mutationCreateDeploymentResolver (CreateDeploymentResolver) Resource creation Initiated
amplify-realtimecollab-nihal-sandbox-a128d3-amplifyDataDeploymentNestedStackDeployment-17CV4L5928WL3 | 105 | 4:58:57 PM | CREATE_IN_PROGRESS | AWS::AppSync::Resolver | data/amplifyData/Deployment/queryListDeploymentsResolver (ListDeploymentResolver) Resource creation Initiated
amplify-realtimecollab-nihal-sandbox-a128d3-amplifyDataDeploymentNestedStackDeployment-17CV4L5928WL3 | 105 | 4:58:57 PM | CREATE_IN_PROGRESS | AWS::AppSync::Resolver | data/amplifyData/Deployment/queryListDeploymentByRepositoryIdAndEnvironmentAndStartedAtResolver (QuerylistDeploymentByRepositoryIdAndEnvironmentAndStartedAtResolver) Resource creation Initiated
amplify-realtimecollab-nihal-sandbox-a128d3-amplifyDataDeploymentNestedStackDeployment-17CV4L5928WL3 | 105 | 4:58:57 PM | CREATE_IN_PROGRESS | AWS::AppSync::Resolver | data/amplifyData/Deployment/mutationUpdateDeploymentResolver (UpdateDeploymentResolver) Resource creation Initiated
amplify-realtimecollab-nihal-sandbox-a128d3-amplifyDataDeploymentNestedStackDeployment-17CV4L5928WL3 | 106 | 4:58:59 PM | CREATE_COMPLETE | AWS::AppSync::Resolver | data/amplifyData/Deployment/mutationDeleteDeploymentResolver (DeleteDeploymentResolver)
amplify-realtimecollab-nihal-sandbox-a128d3-amplifyDataDeploymentNestedStackDeployment-17CV4L5928WL3 | 107 | 4:58:59 PM | CREATE_COMPLETE | AWS::AppSync::Resolver | data/amplifyData/Deployment/queryGetDeploymentResolver (GetDeploymentResolver)
amplify-realtimecollab-nihal-sandbox-a128d3-amplifyDataDeploymentNestedStackDeployment-17CV4L5928WL3 | 108 | 4:58:59 PM | CREATE_COMPLETE | AWS::AppSync::Resolver | data/amplifyData/Deployment/queryListDeploymentByRepositoryIdAndEnvironmentAndStartedAtResolver (QuerylistDeploymentByRepositoryIdAndEnvironmentAndStartedAtResolver)
amplify-realtimecollab-nihal-sandbox-a128d3-amplifyDataDeploymentNestedStackDeployment-17CV4L5928WL3 | 109 | 4:58:59 PM | CREATE_COMPLETE | AWS::AppSync::Resolver | data/amplifyData/Deployment/mutationCreateDeploymentResolver (CreateDeploymentResolver)
amplify-realtimecollab-nihal-sandbox-a128d3-amplifyDataDeploymentNestedStackDeployment-17CV4L5928WL3 | 110 | 4:58:59 PM | CREATE_COMPLETE | AWS::AppSync::Resolver | data/amplifyData/Deployment/queryListDeploymentsResolver (ListDeploymentResolver)
amplify-realtimecollab-nihal-sandbox-a128d3-amplifyDataDeploymentNestedStackDeployment-17CV4L5928WL3 | 111 | 4:58:59 PM | CREATE_COMPLETE | AWS::AppSync::Resolver | data/amplifyData/Deployment/mutationUpdateDeploymentResolver (UpdateDeploymentResolver)
amplify-realtimecollab-nihal-sandbox-a128d3-amplifyDataDeploymentNestedStackDeployment-17CV4L5928WL3 | 112 | 4:59:01 PM | CREATE_COMPLETE | AWS::CloudFormation::Stack | amplify-realtimecollab-nihal-sandbox-a128d3-amplifyDataDeploymentNestedStackDeployment-17CV4L5928WL3
amplify-realtimecollab-nihal-sandbox-a128d3-amplifyDataDoraMetricsNestedStackDoraMetri-2IVZC05ZM4IN | 112 | 4:59:03 PM | CREATE_IN_PROGRESS | Custom::AmplifyDynamoDBTable | data/amplifyData/DoraMetrics/DoraMetricsTable/Default/Default (DoraMetricsTable) Resource creation Initiated
amplify-realtimecollab-nihal-sandbox-a128d3-amplifyDataDoraMetricsNestedStackDoraMetri-2IVZC05ZM4IN | 113 | 4:59:03 PM | CREATE_COMPLETE | Custom::AmplifyDynamoDBTable | data/amplifyData/DoraMetrics/DoraMetricsTable/Default/Default (DoraMetricsTable)
amplify-realtimecollab-nihal-sandbox-a128d3-amplifyDataDoraMetricsNestedStackDoraMetri-2IVZC05ZM4IN | 113 | 4:59:04 PM | CREATE_IN_PROGRESS | AWS::AppSync::DataSource | data/amplifyData/DoraMetrics/DoraMetricsDataSource (DoraMetricsDataSource)
amplify-realtimecollab-nihal-sandbox-a128d37061-data7552DF31-8IQXOVAWUOV | 114 | 4:59:05 PM | CREATE_COMPLETE | AWS::CloudFormation::Stack | data/amplifyData/Deployment.NestedStack/Deployment.NestedStackResource (amplifyDataDeploymentNestedStackDeploymentNestedStackResource4816B2CF)
amplify-realtimecollab-nihal-sandbox-a128d3-amplifyDataDoraMetricsNestedStackDoraMetri-2IVZC05ZM4IN | 114 | 4:59:05 PM | CREATE_IN_PROGRESS | AWS::AppSync::DataSource | data/amplifyData/DoraMetrics/DoraMetricsDataSource (DoraMetricsDataSource) Resource creation Initiated
amplify-realtimecollab-nihal-sandbox-a128d3-amplifyDataDoraMetricsNestedStackDoraMetri-2IVZC05ZM4IN | 115 | 4:59:06 PM | CREATE_COMPLETE | AWS::AppSync::DataSource | data/amplifyData/DoraMetrics/DoraMetricsDataSource (DoraMetricsDataSource)
amplify-realtimecollab-nihal-sandbox-a128d3-amplifyDataDoraMetricsNestedStackDoraMetri-2IVZC05ZM4IN | 115 | 4:59:06 PM | CREATE_IN_PROGRESS | AWS::AppSync::FunctionConfiguration | data/amplifyData/DoraMetrics/MutationdeleteDoraMetricsauth0Function/MutationdeleteDoraMetricsauth0Function.AppSyncFunction (MutationdeleteDoraMetricsauth0FunctionMutationdeleteDoraMetricsauth0FunctionAppSyncFunction076F11F1)
amplify-realtimecollab-nihal-sandbox-a128d3-amplifyDataDoraMetricsNestedStackDoraMetri-2IVZC05ZM4IN | 115 | 4:59:06 PM | CREATE_IN_PROGRESS | AWS::AppSync::FunctionConfiguration | data/amplifyData/DoraMetrics/QueryGetDoraMetricsDataResolverFn/QueryGetDoraMetricsDataResolverFn.AppSyncFunction (QueryGetDoraMetricsDataResolverFnQueryGetDoraMetricsDataResolverFnAppSyncFunction3210DC40)
amplify-realtimecollab-nihal-sandbox-a128d3-amplifyDataDoraMetricsNestedStackDoraMetri-2IVZC05ZM4IN | 115 | 4:59:06 PM | CREATE_IN_PROGRESS | AWS::AppSync::FunctionConfiguration | data/amplifyData/DoraMetrics/QueryListDoraMetricsDataResolverFn/QueryListDoraMetricsDataResolverFn.AppSyncFunction (QueryListDoraMetricsDataResolverFnQueryListDoraMetricsDataResolverFnAppSyncFunction5B275B7E)
amplify-realtimecollab-nihal-sandbox-a128d3-amplifyDataDoraMetricsNestedStackDoraMetri-2IVZC05ZM4IN | 115 | 4:59:06 PM | CREATE_IN_PROGRESS | AWS::AppSync::FunctionConfiguration | data/amplifyData/DoraMetrics/MutationCreateDoraMetricsDataResolverFn/MutationCreateDoraMetricsDataResolverFn.AppSyncFunction (MutationCreateDoraMetricsDataResolverFnMutationCreateDoraMetricsDataResolverFnAppSyncFunctionD2AE1052)
amplify-realtimecollab-nihal-sandbox-a128d3-amplifyDataDoraMetricsNestedStackDoraMetri-2IVZC05ZM4IN | 115 | 4:59:06 PM | CREATE_IN_PROGRESS | AWS::AppSync::FunctionConfiguration | data/amplifyData/DoraMetrics/QueryListDoraMetricsByRepositoryIdAndDateAndPeriodDataResolverFn/QueryListDoraMetricsByRepositoryIdAndDateAndPeriodDataResolverFn.AppSyncFunction (QueryListDoraMetricsByRepositoryIdAndDateAndPeriodDataResolverFnQueryListDoraMetricsByRepositoryIdAndDateAndPeriodDataResolverFnAppSyncFunction98480F65)
amplify-realtimecollab-nihal-sandbox-a128d3-amplifyDataDoraMetricsNestedStackDoraMetri-2IVZC05ZM4IN | 115 | 4:59:06 PM | CREATE_IN_PROGRESS | AWS::AppSync::FunctionConfiguration | data/amplifyData/DoraMetrics/QueryListDoraMetricsByTeamIdAndDateAndPeriodDataResolverFn/QueryListDoraMetricsByTeamIdAndDateAndPeriodDataResolverFn.AppSyncFunction (QueryListDoraMetricsByTeamIdAndDateAndPeriodDataResolverFnQueryListDoraMetricsByTeamIdAndDateAndPeriodDataResolverFnAppSyncFunction548386B1)
amplify-realtimecollab-nihal-sandbox-a128d3-amplifyDataDoraMetricsNestedStackDoraMetri-2IVZC05ZM4IN | 115 | 4:59:06 PM | CREATE_IN_PROGRESS | AWS::AppSync::FunctionConfiguration | data/amplifyData/DoraMetrics/MutationupdateDoraMetricsauth0Function/MutationupdateDoraMetricsauth0Function.AppSyncFunction (MutationupdateDoraMetricsauth0FunctionMutationupdateDoraMetricsauth0FunctionAppSyncFunction4EE4CFD5)
amplify-realtimecollab-nihal-sandbox-a128d3-amplifyDataDoraMetricsNestedStackDoraMetri-2IVZC05ZM4IN | 115 | 4:59:06 PM | CREATE_IN_PROGRESS | AWS::AppSync::FunctionConfiguration | data/amplifyData/DoraMetrics/MutationUpdateDoraMetricsDataResolverFn/MutationUpdateDoraMetricsDataResolverFn.AppSyncFunction (MutationUpdateDoraMetricsDataResolverFnMutationUpdateDoraMetricsDataResolverFnAppSyncFunctionD4DBE2E6)
amplify-realtimecollab-nihal-sandbox-a128d3-amplifyDataDoraMetricsNestedStackDoraMetri-2IVZC05ZM4IN | 115 | 4:59:06 PM | CREATE_IN_PROGRESS | AWS::AppSync::FunctionConfiguration | data/amplifyData/DoraMetrics/MutationDeleteDoraMetricsDataResolverFn/MutationDeleteDoraMetricsDataResolverFn.AppSyncFunction (MutationDeleteDoraMetricsDataResolverFnMutationDeleteDoraMetricsDataResolverFnAppSyncFunctionD1553C54)
amplify-realtimecollab-nihal-sandbox-a128d3-amplifyDataDoraMetricsNestedStackDoraMetri-2IVZC05ZM4IN | 115 | 4:59:07 PM | CREATE_IN_PROGRESS | AWS::AppSync::FunctionConfiguration | data/amplifyData/DoraMetrics/MutationdeleteDoraMetricsauth0Function/MutationdeleteDoraMetricsauth0Function.AppSyncFunction (MutationdeleteDoraMetricsauth0FunctionMutationdeleteDoraMetricsauth0FunctionAppSyncFunction076F11F1) Resource creation Initiated
amplify-realtimecollab-nihal-sandbox-a128d3-amplifyDataDoraMetricsNestedStackDoraMetri-2IVZC05ZM4IN | 115 | 4:59:07 PM | CREATE_IN_PROGRESS | AWS::AppSync::FunctionConfiguration | data/amplifyData/DoraMetrics/MutationUpdateDoraMetricsDataResolverFn/MutationUpdateDoraMetricsDataResolverFn.AppSyncFunction (MutationUpdateDoraMetricsDataResolverFnMutationUpdateDoraMetricsDataResolverFnAppSyncFunctionD4DBE2E6) Resource creation Initiated
amplify-realtimecollab-nihal-sandbox-a128d3-amplifyDataDoraMetricsNestedStackDoraMetri-2IVZC05ZM4IN | 115 | 4:59:07 PM | CREATE_IN_PROGRESS | AWS::AppSync::FunctionConfiguration | data/amplifyData/DoraMetrics/QueryGetDoraMetricsDataResolverFn/QueryGetDoraMetricsDataResolverFn.AppSyncFunction (QueryGetDoraMetricsDataResolverFnQueryGetDoraMetricsDataResolverFnAppSyncFunction3210DC40) Resource creation Initiated
amplify-realtimecollab-nihal-sandbox-a128d3-amplifyDataDoraMetricsNestedStackDoraMetri-2IVZC05ZM4IN | 115 | 4:59:07 PM | CREATE_IN_PROGRESS | AWS::AppSync::FunctionConfiguration | data/amplifyData/DoraMetrics/QueryListDoraMetricsByRepositoryIdAndDateAndPeriodDataResolverFn/QueryListDoraMetricsByRepositoryIdAndDateAndPeriodDataResolverFn.AppSyncFunction (QueryListDoraMetricsByRepositoryIdAndDateAndPeriodDataResolverFnQueryListDoraMetricsByRepositoryIdAndDateAndPeriodDataResolverFnAppSyncFunction98480F65) Resource creation Initiated
amplify-realtimecollab-nihal-sandbox-a128d3-amplifyDataDoraMetricsNestedStackDoraMetri-2IVZC05ZM4IN | 115 | 4:59:07 PM | CREATE_IN_PROGRESS | AWS::AppSync::FunctionConfiguration | data/amplifyData/DoraMetrics/MutationCreateDoraMetricsDataResolverFn/MutationCreateDoraMetricsDataResolverFn.AppSyncFunction (MutationCreateDoraMetricsDataResolverFnMutationCreateDoraMetricsDataResolverFnAppSyncFunctionD2AE1052) Resource creation Initiated
amplify-realtimecollab-nihal-sandbox-a128d3-amplifyDataDoraMetricsNestedStackDoraMetri-2IVZC05ZM4IN | 115 | 4:59:07 PM | CREATE_IN_PROGRESS | AWS::AppSync::FunctionConfiguration | data/amplifyData/DoraMetrics/QueryListDoraMetricsDataResolverFn/QueryListDoraMetricsDataResolverFn.AppSyncFunction (QueryListDoraMetricsDataResolverFnQueryListDoraMetricsDataResolverFnAppSyncFunction5B275B7E) Resource creation Initiated
amplify-realtimecollab-nihal-sandbox-a128d3-amplifyDataDoraMetricsNestedStackDoraMetri-2IVZC05ZM4IN | 115 | 4:59:07 PM | CREATE_IN_PROGRESS | AWS::AppSync::FunctionConfiguration | data/amplifyData/DoraMetrics/QueryListDoraMetricsByTeamIdAndDateAndPeriodDataResolverFn/QueryListDoraMetricsByTeamIdAndDateAndPeriodDataResolverFn.AppSyncFunction (QueryListDoraMetricsByTeamIdAndDateAndPeriodDataResolverFnQueryListDoraMetricsByTeamIdAndDateAndPeriodDataResolverFnAppSyncFunction548386B1) Resource creation Initiated
amplify-realtimecollab-nihal-sandbox-a128d3-amplifyDataDoraMetricsNestedStackDoraMetri-2IVZC05ZM4IN | 115 | 4:59:08 PM | CREATE_IN_PROGRESS | AWS::AppSync::FunctionConfiguration | data/amplifyData/DoraMetrics/MutationupdateDoraMetricsauth0Function/MutationupdateDoraMetricsauth0Function.AppSyncFunction (MutationupdateDoraMetricsauth0FunctionMutationupdateDoraMetricsauth0FunctionAppSyncFunction4EE4CFD5) Resource creation Initiated
amplify-realtimecollab-nihal-sandbox-a128d3-amplifyDataDoraMetricsNestedStackDoraMetri-2IVZC05ZM4IN | 116 | 4:59:08 PM | CREATE_COMPLETE | AWS::AppSync::FunctionConfiguration | data/amplifyData/DoraMetrics/MutationdeleteDoraMetricsauth0Function/MutationdeleteDoraMetricsauth0Function.AppSyncFunction (MutationdeleteDoraMetricsauth0FunctionMutationdeleteDoraMetricsauth0FunctionAppSyncFunction076F11F1)
amplify-realtimecollab-nihal-sandbox-a128d3-amplifyDataDoraMetricsNestedStackDoraMetri-2IVZC05ZM4IN | 117 | 4:59:08 PM | CREATE_COMPLETE | AWS::AppSync::FunctionConfiguration | data/amplifyData/DoraMetrics/MutationUpdateDoraMetricsDataResolverFn/MutationUpdateDoraMetricsDataResolverFn.AppSyncFunction (MutationUpdateDoraMetricsDataResolverFnMutationUpdateDoraMetricsDataResolverFnAppSyncFunctionD4DBE2E6)
amplify-realtimecollab-nihal-sandbox-a128d3-amplifyDataDoraMetricsNestedStackDoraMetri-2IVZC05ZM4IN | 118 | 4:59:08 PM | CREATE_COMPLETE | AWS::AppSync::FunctionConfiguration | data/amplifyData/DoraMetrics/QueryListDoraMetricsByRepositoryIdAndDateAndPeriodDataResolverFn/QueryListDoraMetricsByRepositoryIdAndDateAndPeriodDataResolverFn.AppSyncFunction (QueryListDoraMetricsByRepositoryIdAndDateAndPeriodDataResolverFnQueryListDoraMetricsByRepositoryIdAndDateAndPeriodDataResolverFnAppSyncFunction98480F65)
amplify-realtimecollab-nihal-sandbox-a128d3-amplifyDataDoraMetricsNestedStackDoraMetri-2IVZC05ZM4IN | 119 | 4:59:08 PM | CREATE_COMPLETE | AWS::AppSync::FunctionConfiguration | data/amplifyData/DoraMetrics/QueryGetDoraMetricsDataResolverFn/QueryGetDoraMetricsDataResolverFn.AppSyncFunction (QueryGetDoraMetricsDataResolverFnQueryGetDoraMetricsDataResolverFnAppSyncFunction3210DC40)
amplify-realtimecollab-nihal-sandbox-a128d3-amplifyDataDoraMetricsNestedStackDoraMetri-2IVZC05ZM4IN | 120 | 4:59:08 PM | CREATE_COMPLETE | AWS::AppSync::FunctionConfiguration | data/amplifyData/DoraMetrics/MutationCreateDoraMetricsDataResolverFn/MutationCreateDoraMetricsDataResolverFn.AppSyncFunction (MutationCreateDoraMetricsDataResolverFnMutationCreateDoraMetricsDataResolverFnAppSyncFunctionD2AE1052)
amplify-realtimecollab-nihal-sandbox-a128d3-amplifyDataDoraMetricsNestedStackDoraMetri-2IVZC05ZM4IN | 121 | 4:59:08 PM | CREATE_COMPLETE | AWS::AppSync::FunctionConfiguration | data/amplifyData/DoraMetrics/QueryListDoraMetricsDataResolverFn/QueryListDoraMetricsDataResolverFn.AppSyncFunction (QueryListDoraMetricsDataResolverFnQueryListDoraMetricsDataResolverFnAppSyncFunction5B275B7E)
amplify-realtimecollab-nihal-sandbox-a128d3-amplifyDataDoraMetricsNestedStackDoraMetri-2IVZC05ZM4IN | 121 | 4:59:08 PM | CREATE_IN_PROGRESS | AWS::AppSync::FunctionConfiguration | data/amplifyData/DoraMetrics/MutationDeleteDoraMetricsDataResolverFn/MutationDeleteDoraMetricsDataResolverFn.AppSyncFunction (MutationDeleteDoraMetricsDataResolverFnMutationDeleteDoraMetricsDataResolverFnAppSyncFunctionD1553C54) Resource creation Initiated
amplify-realtimecollab-nihal-sandbox-a128d3-amplifyDataDoraMetricsNestedStackDoraMetri-2IVZC05ZM4IN | 122 | 4:59:08 PM | CREATE_COMPLETE | AWS::AppSync::FunctionConfiguration | data/amplifyData/DoraMetrics/QueryListDoraMetricsByTeamIdAndDateAndPeriodDataResolverFn/QueryListDoraMetricsByTeamIdAndDateAndPeriodDataResolverFn.AppSyncFunction (QueryListDoraMetricsByTeamIdAndDateAndPeriodDataResolverFnQueryListDoraMetricsByTeamIdAndDateAndPeriodDataResolverFnAppSyncFunction548386B1)
amplify-realtimecollab-nihal-sandbox-a128d3-amplifyDataDoraMetricsNestedStackDoraMetri-2IVZC05ZM4IN | 123 | 4:59:08 PM | CREATE_COMPLETE | AWS::AppSync::FunctionConfiguration | data/amplifyData/DoraMetrics/MutationupdateDoraMetricsauth0Function/MutationupdateDoraMetricsauth0Function.AppSyncFunction (MutationupdateDoraMetricsauth0FunctionMutationupdateDoraMetricsauth0FunctionAppSyncFunction4EE4CFD5)
amplify-realtimecollab-nihal-sandbox-a128d3-amplifyDataDoraMetricsNestedStackDoraMetri-2IVZC05ZM4IN | 124 | 4:59:09 PM | CREATE_COMPLETE | AWS::AppSync::FunctionConfiguration | data/amplifyData/DoraMetrics/MutationDeleteDoraMetricsDataResolverFn/MutationDeleteDoraMetricsDataResolverFn.AppSyncFunction (MutationDeleteDoraMetricsDataResolverFnMutationDeleteDoraMetricsDataResolverFnAppSyncFunctionD1553C54)
amplify-realtimecollab-nihal-sandbox-a128d3-amplifyDataDoraMetricsNestedStackDoraMetri-2IVZC05ZM4IN | 124 | 4:59:09 PM | CREATE_IN_PROGRESS | AWS::AppSync::Resolver | data/amplifyData/DoraMetrics/queryListDoraMetricsByRepositoryIdAndDateAndPeriodResolver (QuerylistDoraMetricsByRepositoryIdAndDateAndPeriodResolver)
amplify-realtimecollab-nihal-sandbox-a128d3-amplifyDataDoraMetricsNestedStackDoraMetri-2IVZC05ZM4IN | 124 | 4:59:09 PM | CREATE_IN_PROGRESS | AWS::AppSync::Resolver | data/amplifyData/DoraMetrics/queryGetDoraMetricsResolver (GetDoraMetricsResolver)
amplify-realtimecollab-nihal-sandbox-a128d3-amplifyDataDoraMetricsNestedStackDoraMetri-2IVZC05ZM4IN | 124 | 4:59:10 PM | CREATE_IN_PROGRESS | AWS::AppSync::Resolver | data/amplifyData/DoraMetrics/queryListDoraMetricsByTeamIdAndDateAndPeriodResolver (QuerylistDoraMetricsByTeamIdAndDateAndPeriodResolver)
amplify-realtimecollab-nihal-sandbox-a128d3-amplifyDataDoraMetricsNestedStackDoraMetri-2IVZC05ZM4IN | 124 | 4:59:10 PM | CREATE_IN_PROGRESS | AWS::AppSync::Resolver | data/amplifyData/DoraMetrics/queryListDoraMetricsResolver (ListDoraMetricsResolver)
amplify-realtimecollab-nihal-sandbox-a128d3-amplifyDataDoraMetricsNestedStackDoraMetri-2IVZC05ZM4IN | 124 | 4:59:10 PM | CREATE_IN_PROGRESS | AWS::AppSync::Resolver | data/amplifyData/DoraMetrics/mutationCreateDoraMetricsResolver (CreateDoraMetricsResolver)
amplify-realtimecollab-nihal-sandbox-a128d3-amplifyDataDoraMetricsNestedStackDoraMetri-2IVZC05ZM4IN | 124 | 4:59:10 PM | CREATE_IN_PROGRESS | AWS::AppSync::Resolver | data/amplifyData/DoraMetrics/queryListDoraMetricsByRepositoryIdAndDateAndPeriodResolver (QuerylistDoraMetricsByRepositoryIdAndDateAndPeriodResolver) Resource creation Initiated
amplify-realtimecollab-nihal-sandbox-a128d3-amplifyDataDoraMetricsNestedStackDoraMetri-2IVZC05ZM4IN | 124 | 4:59:10 PM | CREATE_IN_PROGRESS | AWS::AppSync::Resolver | data/amplifyData/DoraMetrics/queryListDoraMetricsByTeamIdAndDateAndPeriodResolver (QuerylistDoraMetricsByTeamIdAndDateAndPeriodResolver) Resource creation Initiated
amplify-realtimecollab-nihal-sandbox-a128d3-amplifyDataDoraMetricsNestedStackDoraMetri-2IVZC05ZM4IN | 124 | 4:59:10 PM | CREATE_IN_PROGRESS | AWS::AppSync::Resolver | data/amplifyData/DoraMetrics/queryGetDoraMetricsResolver (GetDoraMetricsResolver) Resource creation Initiated
amplify-realtimecollab-nihal-sandbox-a128d3-amplifyDataDoraMetricsNestedStackDoraMetri-2IVZC05ZM4IN | 124 | 4:59:10 PM | CREATE_IN_PROGRESS | AWS::AppSync::Resolver | data/amplifyData/DoraMetrics/queryListDoraMetricsResolver (ListDoraMetricsResolver) Resource creation Initiated
amplify-realtimecollab-nihal-sandbox-a128d3-amplifyDataDoraMetricsNestedStackDoraMetri-2IVZC05ZM4IN | 124 | 4:59:11 PM | CREATE_IN_PROGRESS | AWS::AppSync::Resolver | data/amplifyData/DoraMetrics/mutationDeleteDoraMetricsResolver (DeleteDoraMetricsResolver)
amplify-realtimecollab-nihal-sandbox-a128d3-amplifyDataDoraMetricsNestedStackDoraMetri-2IVZC05ZM4IN | 124 | 4:59:11 PM | CREATE_IN_PROGRESS | AWS::AppSync::Resolver | data/amplifyData/DoraMetrics/mutationCreateDoraMetricsResolver (CreateDoraMetricsResolver) Resource creation Initiated
amplify-realtimecollab-nihal-sandbox-a128d3-amplifyDataDoraMetricsNestedStackDoraMetri-2IVZC05ZM4IN | 124 | 4:59:11 PM | CREATE_IN_PROGRESS | AWS::AppSync::Resolver | data/amplifyData/DoraMetrics/mutationUpdateDoraMetricsResolver (UpdateDoraMetricsResolver)
amplify-realtimecollab-nihal-sandbox-a128d3-amplifyDataDoraMetricsNestedStackDoraMetri-2IVZC05ZM4IN | 124 | 4:59:12 PM | CREATE_IN_PROGRESS | AWS::AppSync::Resolver | data/amplifyData/DoraMetrics/mutationDeleteDoraMetricsResolver (DeleteDoraMetricsResolver) Resource creation Initiated
amplify-realtimecollab-nihal-sandbox-a128d3-amplifyDataDoraMetricsNestedStackDoraMetri-2IVZC05ZM4IN | 125 | 4:59:12 PM | CREATE_COMPLETE | AWS::AppSync::Resolver | data/amplifyData/DoraMetrics/queryListDoraMetricsByRepositoryIdAndDateAndPeriodResolver (QuerylistDoraMetricsByRepositoryIdAndDateAndPeriodResolver)
amplify-realtimecollab-nihal-sandbox-a128d3-amplifyDataDoraMetricsNestedStackDoraMetri-2IVZC05ZM4IN | 125 | 4:59:12 PM | CREATE_IN_PROGRESS | AWS::AppSync::Resolver | data/amplifyData/DoraMetrics/mutationUpdateDoraMetricsResolver (UpdateDoraMetricsResolver) Resource creation Initiated
amplify-realtimecollab-nihal-sandbox-a128d3-amplifyDataDoraMetricsNestedStackDoraMetri-2IVZC05ZM4IN | 126 | 4:59:12 PM | CREATE_COMPLETE | AWS::AppSync::Resolver | data/amplifyData/DoraMetrics/queryListDoraMetricsByTeamIdAndDateAndPeriodResolver (QuerylistDoraMetricsByTeamIdAndDateAndPeriodResolver)
amplify-realtimecollab-nihal-sandbox-a128d3-amplifyDataDoraMetricsNestedStackDoraMetri-2IVZC05ZM4IN | 127 | 4:59:12 PM | CREATE_COMPLETE | AWS::AppSync::Resolver | data/amplifyData/DoraMetrics/queryGetDoraMetricsResolver (GetDoraMetricsResolver)
amplify-realtimecollab-nihal-sandbox-a128d3-amplifyDataDoraMetricsNestedStackDoraMetri-2IVZC05ZM4IN | 128 | 4:59:13 PM | CREATE_COMPLETE | AWS::AppSync::Resolver | data/amplifyData/DoraMetrics/queryListDoraMetricsResolver (ListDoraMetricsResolver)
amplify-realtimecollab-nihal-sandbox-a128d3-amplifyDataDoraMetricsNestedStackDoraMetri-2IVZC05ZM4IN | 129 | 4:59:13 PM | CREATE_COMPLETE | AWS::AppSync::Resolver | data/amplifyData/DoraMetrics/mutationCreateDoraMetricsResolver (CreateDoraMetricsResolver)
amplify-realtimecollab-nihal-sandbox-a128d3-amplifyDataDoraMetricsNestedStackDoraMetri-2IVZC05ZM4IN | 130 | 4:59:14 PM | CREATE_COMPLETE | AWS::AppSync::Resolver | data/amplifyData/DoraMetrics/mutationDeleteDoraMetricsResolver (DeleteDoraMetricsResolver)
amplify-realtimecollab-nihal-sandbox-a128d3-amplifyDataDoraMetricsNestedStackDoraMetri-2IVZC05ZM4IN | 131 | 4:59:14 PM | CREATE_COMPLETE | AWS::AppSync::Resolver | data/amplifyData/DoraMetrics/mutationUpdateDoraMetricsResolver (UpdateDoraMetricsResolver)
amplify-realtimecollab-nihal-sandbox-a128d3-amplifyDataBuildNestedStackBuildNestedStac-1O4H0R8Y1ZC8E | 132 | 4:59:15 PM | UPDATE_COMPLETE | Custom::AmplifyDynamoDBTable | data/amplifyData/Build/BuildTable/Default/Default (BuildTable)
amplify-realtimecollab-nihal-sandbox-a128d3-amplifyDataDoraMetricsNestedStackDoraMetri-2IVZC05ZM4IN | 133 | 4:59:16 PM | CREATE_COMPLETE | AWS::CloudFormation::Stack | amplify-realtimecollab-nihal-sandbox-a128d3-amplifyDataDoraMetricsNestedStackDoraMetri-2IVZC05ZM4IN
amplify-realtimecollab-nihal-sandbox-a128d3-amplifyDataBuildNestedStackBuildNestedStac-1O4H0R8Y1ZC8E | 133 | 4:59:17 PM | CREATE_IN_PROGRESS | AWS::AppSync::FunctionConfiguration | data/amplifyData/Build/QueryListBuildByRepositoryIdAndStartedAtDataResolverFn/QueryListBuildByRepositoryIdAndStartedAtDataResolverFn.AppSyncFunction (QueryListBuildByRepositoryIdAndStartedAtDataResolverFnQueryListBuildByRepositoryIdAndStartedAtDataResolverFnAppSyncFunctionBA0362E8)
amplify-realtimecollab-nihal-sandbox-a128d3-amplifyDataBuildNestedStackBuildNestedStac-1O4H0R8Y1ZC8E | 133 | 4:59:17 PM | UPDATE_IN_PROGRESS | AWS::AppSync::FunctionConfiguration | data/amplifyData/Build/MutationupdateBuildauth0Function/MutationupdateBuildauth0Function.AppSyncFunction (MutationupdateBuildauth0FunctionMutationupdateBuildauth0FunctionAppSyncFunctionCB0D6DE2)
amplify-realtimecollab-nihal-sandbox-a128d3-amplifyDataBuildNestedStackBuildNestedStac-1O4H0R8Y1ZC8E | 133 | 4:59:17 PM | UPDATE_IN_PROGRESS | AWS::AppSync::FunctionConfiguration | data/amplifyData/Build/MutationCreateBuildDataResolverFn/MutationCreateBuildDataResolverFn.AppSyncFunction (MutationCreateBuildDataResolverFnMutationCreateBuildDataResolverFnAppSyncFunctionD1423B2C)
amplify-realtimecollab-nihal-sandbox-a128d3-amplifyDataBuildNestedStackBuildNestedStac-1O4H0R8Y1ZC8E | 133 | 4:59:18 PM | CREATE_IN_PROGRESS | AWS::AppSync::FunctionConfiguration | data/amplifyData/Build/QueryListBuildByRepositoryIdAndStartedAtDataResolverFn/QueryListBuildByRepositoryIdAndStartedAtDataResolverFn.AppSyncFunction (QueryListBuildByRepositoryIdAndStartedAtDataResolverFnQueryListBuildByRepositoryIdAndStartedAtDataResolverFnAppSyncFunctionBA0362E8) Resource creation Initiated
amplify-realtimecollab-nihal-sandbox-a128d3-amplifyDataBuildNestedStackBuildNestedStac-1O4H0R8Y1ZC8E | 134 | 4:59:18 PM | CREATE_COMPLETE | AWS::AppSync::FunctionConfiguration | data/amplifyData/Build/QueryListBuildByRepositoryIdAndStartedAtDataResolverFn/QueryListBuildByRepositoryIdAndStartedAtDataResolverFn.AppSyncFunction (QueryListBuildByRepositoryIdAndStartedAtDataResolverFnQueryListBuildByRepositoryIdAndStartedAtDataResolverFnAppSyncFunctionBA0362E8)
amplify-realtimecollab-nihal-sandbox-a128d3-amplifyDataBuildNestedStackBuildNestedStac-1O4H0R8Y1ZC8E | 135 | 4:59:18 PM | UPDATE_COMPLETE | AWS::AppSync::FunctionConfiguration | data/amplifyData/Build/MutationupdateBuildauth0Function/MutationupdateBuildauth0Function.AppSyncFunction (MutationupdateBuildauth0FunctionMutationupdateBuildauth0FunctionAppSyncFunctionCB0D6DE2)
amplify-realtimecollab-nihal-sandbox-a128d3-amplifyDataBuildNestedStackBuildNestedStac-1O4H0R8Y1ZC8E | 136 | 4:59:19 PM | UPDATE_COMPLETE | AWS::AppSync::FunctionConfiguration | data/amplifyData/Build/MutationCreateBuildDataResolverFn/MutationCreateBuildDataResolverFn.AppSyncFunction (MutationCreateBuildDataResolverFnMutationCreateBuildDataResolverFnAppSyncFunctionD1423B2C)
amplify-realtimecollab-nihal-sandbox-a128d37061-data7552DF31-8IQXOVAWUOV | 137 | 4:59:19 PM | CREATE_COMPLETE | AWS::CloudFormation::Stack | data/amplifyData/DoraMetrics.NestedStack/DoraMetrics.NestedStackResource (amplifyDataDoraMetricsNestedStackDoraMetricsNestedStackResource4154DF82)
amplify-realtimecollab-nihal-sandbox-a128d3-amplifyDataBuildNestedStackBuildNestedStac-1O4H0R8Y1ZC8E | 137 | 4:59:20 PM | CREATE_IN_PROGRESS | AWS::AppSync::Resolver | data/amplifyData/Build/queryListBuildByRepositoryIdAndStartedAtResolver (QuerylistBuildByRepositoryIdAndStartedAtResolver)
amplify-realtimecollab-nihal-sandbox-a128d3-amplifyDataBuildNestedStackBuildNestedStac-1O4H0R8Y1ZC8E | 137 | 4:59:21 PM | CREATE_IN_PROGRESS | AWS::AppSync::Resolver | data/amplifyData/Build/queryListBuildByRepositoryIdAndStartedAtResolver (QuerylistBuildByRepositoryIdAndStartedAtResolver) Resource creation Initiated
amplify-realtimecollab-nihal-sandbox-a128d3-amplifyDataBuildNestedStackBuildNestedStac-1O4H0R8Y1ZC8E | 138 | 4:59:23 PM | CREATE_COMPLETE | AWS::AppSync::Resolver | data/amplifyData/Build/queryListBuildByRepositoryIdAndStartedAtResolver (QuerylistBuildByRepositoryIdAndStartedAtResolver)
amplify-realtimecollab-nihal-sandbox-a128d3-amplifyDataBuildNestedStackBuildNestedStac-1O4H0R8Y1ZC8E | 139 | 4:59:25 PM | UPDATE_COMPLETE_CLEANUP_IN_PROGRESS | AWS::CloudFormation::Stack | amplify-realtimecollab-nihal-sandbox-a128d3-amplifyDataBuildNestedStackBuildNestedStac-1O4H0R8Y1ZC8E
amplify-realtimecollab-nihal-sandbox-a128d37061-data7552DF31-8IQXOVAWUOV | 140 | 4:59:36 PM | UPDATE_COMPLETE | AWS::CloudFormation::Stack | data/amplifyData/Build.NestedStack/Build.NestedStackResource (amplifyDataBuildNestedStackBuildNestedStackResourceF3C9361E)
amplify-realtimecollab-nihal-sandbox-a128d37061-data7552DF31-8IQXOVAWUOV | 140 | 4:59:37 PM | UPDATE_IN_PROGRESS | AWS::CloudFormation::Stack | data/amplifyData/ConnectionStack.NestedStack/ConnectionStack.NestedStackResource (amplifyDataConnectionStackNestedStackConnectionStackNestedStackResourceAB0F312B)
amplify-realtimecollab-nihal-sandbox-a128d3-amplifyDataConnectionStackNestedStackConne-1OV4KL62Y9SA4 | 140 | 4:59:38 PM | UPDATE_IN_PROGRESS | AWS::CloudFormation::Stack | amplify-realtimecollab-nihal-sandbox-a128d3-amplifyDataConnectionStackNestedStackConne-1OV4KL62Y9SA4 User Initiated
amplify-realtimecollab-nihal-sandbox-a128d37061-DoraMetricsScheduleC5215DBF-A3SH7FHIHYF3 | 141 | 4:59:39 PM | CREATE_COMPLETE | AWS::Events::Rule | DoraMetricsSchedule/DoraMetricsCalculationRule (DoraMetricsCalculationRule4C9429D7)
amplify-realtimecollab-nihal-sandbox-a128d37061-DoraMetricsScheduleC5215DBF-A3SH7FHIHYF3 | 141 | 4:59:40 PM | CREATE_IN_PROGRESS | AWS::Lambda::Permission | DoraMetricsSchedule/DoraMetricsCalculationRule/AllowEventRuleamplifyrealtimecollabnihalsandboxa128d37061functioncalculatedorametricslambda8346F1AB (DoraMetricsCalculationRuleAllowEventRuleamplifyrealtimecollabnihalsandboxa128d37061functioncalculatedorametricslambda8346F1AB1EF8F16C)
amplify-realtimecollab-nihal-sandbox-a128d37061-DoraMetricsScheduleC5215DBF-A3SH7FHIHYF3 | 141 | 4:59:40 PM | CREATE_IN_PROGRESS | AWS::Lambda::Permission | DoraMetricsSchedule/DoraMetricsCalculationRule/AllowEventRuleamplifyrealtimecollabnihalsandboxa128d37061functioncalculatedorametricslambda8346F1AB (DoraMetricsCalculationRuleAllowEventRuleamplifyrealtimecollabnihalsandboxa128d37061functioncalculatedorametricslambda8346F1AB1EF8F16C) Resource creation Initiated
amplify-realtimecollab-nihal-sandbox-a128d37061-DoraMetricsScheduleC5215DBF-A3SH7FHIHYF3 | 142 | 4:59:41 PM | CREATE_COMPLETE | AWS::Lambda::Permission | DoraMetricsSchedule/DoraMetricsCalculationRule/AllowEventRuleamplifyrealtimecollabnihalsandboxa128d37061functioncalculatedorametricslambda8346F1AB (DoraMetricsCalculationRuleAllowEventRuleamplifyrealtimecollabnihalsandboxa128d37061functioncalculatedorametricslambda8346F1AB1EF8F16C)
amplify-realtimecollab-nihal-sandbox-a128d37061-DoraMetricsScheduleC5215DBF-A3SH7FHIHYF3 | 143 | 4:59:42 PM | CREATE_COMPLETE | AWS::CloudFormation::Stack | amplify-realtimecollab-nihal-sandbox-a128d37061-DoraMetricsScheduleC5215DBF-A3SH7FHIHYF3
amplify-realtimecollab-nihal-sandbox-a128d3-amplifyDataConnectionStackNestedStackConne-1OV4KL62Y9SA4 | 143 | 4:59:44 PM | CREATE_IN_PROGRESS | AWS::AppSync::FunctionConfiguration | data/amplifyData/ConnectionStack/TeamdoraMetricsauth0Function/TeamdoraMetricsauth0Function.AppSyncFunction (TeamdoraMetricsauth0FunctionTeamdoraMetricsauth0FunctionAppSyncFunction9F2DFFAE)
amplify-realtimecollab-nihal-sandbox-a128d3-amplifyDataConnectionStackNestedStackConne-1OV4KL62Y9SA4 | 143 | 4:59:44 PM | CREATE_IN_PROGRESS | AWS::AppSync::FunctionConfiguration | data/amplifyData/ConnectionStack/DoraMetricsRepositoryDataResolverFn/DoraMetricsRepositoryDataResolverFn.AppSyncFunction (DoraMetricsRepositoryDataResolverFnDoraMetricsRepositoryDataResolverFnAppSyncFunctionF2E904B8)
amplify-realtimecollab-nihal-sandbox-a128d3-amplifyDataConnectionStackNestedStackConne-1OV4KL62Y9SA4 | 143 | 4:59:44 PM | CREATE_IN_PROGRESS | AWS::AppSync::FunctionConfiguration | data/amplifyData/ConnectionStack/Builddeploymentsauth0Function/Builddeploymentsauth0Function.AppSyncFunction (Builddeploymentsauth0FunctionBuilddeploymentsauth0FunctionAppSyncFunctionA6B805FC)
amplify-realtimecollab-nihal-sandbox-a128d3-amplifyDataConnectionStackNestedStackConne-1OV4KL62Y9SA4 | 143 | 4:59:44 PM | CREATE_IN_PROGRESS | AWS::AppSync::FunctionConfiguration | data/amplifyData/ConnectionStack/DoraMetricsTeamDataResolverFn/DoraMetricsTeamDataResolverFn.AppSyncFunction (DoraMetricsTeamDataResolverFnDoraMetricsTeamDataResolverFnAppSyncFunctionD8DE2075)
amplify-realtimecollab-nihal-sandbox-a128d3-amplifyDataConnectionStackNestedStackConne-1OV4KL62Y9SA4 | 143 | 4:59:44 PM | CREATE_IN_PROGRESS | AWS::AppSync::FunctionConfiguration | data/amplifyData/ConnectionStack/RepositoryDeploymentsDataResolverFn/RepositoryDeploymentsDataResolverFn.AppSyncFunction (RepositoryDeploymentsDataResolverFnRepositoryDeploymentsDataResolverFnAppSyncFunction22D723E4)
amplify-realtimecollab-nihal-sandbox-a128d3-amplifyDataConnectionStackNestedStackConne-1OV4KL62Y9SA4 | 143 | 4:59:44 PM | CREATE_IN_PROGRESS | AWS::AppSync::FunctionConfiguration | data/amplifyData/ConnectionStack/DoraMetricsteamauth0Function/DoraMetricsteamauth0Function.AppSyncFunction (DoraMetricsteamauth0FunctionDoraMetricsteamauth0FunctionAppSyncFunction6A5C868F)
amplify-realtimecollab-nihal-sandbox-a128d3-amplifyDataConnectionStackNestedStackConne-1OV4KL62Y9SA4 | 143 | 4:59:44 PM | CREATE_IN_PROGRESS | AWS::AppSync::FunctionConfiguration | data/amplifyData/ConnectionStack/DeploymentrollbackFromauth0Function/DeploymentrollbackFromauth0Function.AppSyncFunction (DeploymentrollbackFromauth0FunctionDeploymentrollbackFromauth0FunctionAppSyncFunction56D107DA)
amplify-realtimecollab-nihal-sandbox-a128d3-amplifyDataConnectionStackNestedStackConne-1OV4KL62Y9SA4 | 143 | 4:59:44 PM | CREATE_IN_PROGRESS | AWS::AppSync::FunctionConfiguration | data/amplifyData/ConnectionStack/DeploymentBuildDataResolverFn/DeploymentBuildDataResolverFn.AppSyncFunction (DeploymentBuildDataResolverFnDeploymentBuildDataResolverFnAppSyncFunction2A3AE48F)
amplify-realtimecollab-nihal-sandbox-a128d3-amplifyDataConnectionStackNestedStackConne-1OV4KL62Y9SA4 | 143 | 4:59:44 PM | CREATE_IN_PROGRESS | AWS::AppSync::FunctionConfiguration | data/amplifyData/ConnectionStack/DoraMetricsrepositoryauth0Function/DoraMetricsrepositoryauth0Function.AppSyncFunction (DoraMetricsrepositoryauth0FunctionDoraMetricsrepositoryauth0FunctionAppSyncFunction45AAA2AD)
amplify-realtimecollab-nihal-sandbox-a128d3-amplifyDataConnectionStackNestedStackConne-1OV4KL62Y9SA4 | 143 | 4:59:44 PM | CREATE_IN_PROGRESS | AWS::AppSync::FunctionConfiguration | data/amplifyData/ConnectionStack/Deploymentrollbacksauth0Function/Deploymentrollbacksauth0Function.AppSyncFunction (Deploymentrollbacksauth0FunctionDeploymentrollbacksauth0FunctionAppSyncFunction3B734464)
amplify-realtimecollab-nihal-sandbox-a128d3-amplifyDataConnectionStackNestedStackConne-1OV4KL62Y9SA4 | 143 | 4:59:44 PM | CREATE_IN_PROGRESS | AWS::AppSync::FunctionConfiguration | data/amplifyData/ConnectionStack/Deploymentbuildauth0Function/Deploymentbuildauth0Function.AppSyncFunction (Deploymentbuildauth0FunctionDeploymentbuildauth0FunctionAppSyncFunction9BF28515)
amplify-realtimecollab-nihal-sandbox-a128d3-amplifyDataConnectionStackNestedStackConne-1OV4KL62Y9SA4 | 143 | 4:59:44 PM | CREATE_IN_PROGRESS | AWS::AppSync::FunctionConfiguration | data/amplifyData/ConnectionStack/DeploymentRollbackFromDataResolverFn/DeploymentRollbackFromDataResolverFn.AppSyncFunction (DeploymentRollbackFromDataResolverFnDeploymentRollbackFromDataResolverFnAppSyncFunction3220371F)
amplify-realtimecollab-nihal-sandbox-a128d3-amplifyDataConnectionStackNestedStackConne-1OV4KL62Y9SA4 | 143 | 4:59:44 PM | CREATE_IN_PROGRESS | AWS::AppSync::FunctionConfiguration | data/amplifyData/ConnectionStack/Deploymentrepositoryauth0Function/Deploymentrepositoryauth0Function.AppSyncFunction (Deploymentrepositoryauth0FunctionDeploymentrepositoryauth0FunctionAppSyncFunctionD6BB16C6)
amplify-realtimecollab-nihal-sandbox-a128d3-amplifyDataConnectionStackNestedStackConne-1OV4KL62Y9SA4 | 143 | 4:59:44 PM | CREATE_IN_PROGRESS | AWS::AppSync::FunctionConfiguration | data/amplifyData/ConnectionStack/DeploymentRollbacksDataResolverFn/DeploymentRollbacksDataResolverFn.AppSyncFunction (DeploymentRollbacksDataResolverFnDeploymentRollbacksDataResolverFnAppSyncFunction6A731EF1)
amplify-realtimecollab-nihal-sandbox-a128d3-amplifyDataConnectionStackNestedStackConne-1OV4KL62Y9SA4 | 143 | 4:59:44 PM | CREATE_IN_PROGRESS | AWS::AppSync::FunctionConfiguration | data/amplifyData/ConnectionStack/BuildDeploymentsDataResolverFn/BuildDeploymentsDataResolverFn.AppSyncFunction (BuildDeploymentsDataResolverFnBuildDeploymentsDataResolverFnAppSyncFunction3FCFA749)
amplify-realtimecollab-nihal-sandbox-a128d3-amplifyDataConnectionStackNestedStackConne-1OV4KL62Y9SA4 | 143 | 4:59:44 PM | CREATE_IN_PROGRESS | AWS::AppSync::FunctionConfiguration | data/amplifyData/ConnectionStack/Repositorydeploymentsauth0Function/Repositorydeploymentsauth0Function.AppSyncFunction (Repositorydeploymentsauth0FunctionRepositorydeploymentsauth0FunctionAppSyncFunction7C75984F)
amplify-realtimecollab-nihal-sandbox-a128d3-amplifyDataConnectionStackNestedStackConne-1OV4KL62Y9SA4 | 143 | 4:59:44 PM | CREATE_IN_PROGRESS | AWS::AppSync::FunctionConfiguration | data/amplifyData/ConnectionStack/DeploymentRepositoryDataResolverFn/DeploymentRepositoryDataResolverFn.AppSyncFunction (DeploymentRepositoryDataResolverFnDeploymentRepositoryDataResolverFnAppSyncFunctionBCC1A501)
amplify-realtimecollab-nihal-sandbox-a128d3-amplifyDataConnectionStackNestedStackConne-1OV4KL62Y9SA4 | 143 | 4:59:44 PM | CREATE_IN_PROGRESS | AWS::AppSync::FunctionConfiguration | data/amplifyData/ConnectionStack/RepositoryDoraMetricsDataResolverFn/RepositoryDoraMetricsDataResolverFn.AppSyncFunction (RepositoryDoraMetricsDataResolverFnRepositoryDoraMetricsDataResolverFnAppSyncFunction44D4BC32)
amplify-realtimecollab-nihal-sandbox-a128d3-amplifyDataConnectionStackNestedStackConne-1OV4KL62Y9SA4 | 143 | 4:59:44 PM | CREATE_IN_PROGRESS | AWS::AppSync::FunctionConfiguration | data/amplifyData/ConnectionStack/TeamDoraMetricsDataResolverFn/TeamDoraMetricsDataResolverFn.AppSyncFunction (TeamDoraMetricsDataResolverFnTeamDoraMetricsDataResolverFnAppSyncFunction6A35F4C2)
amplify-realtimecollab-nihal-sandbox-a128d3-amplifyDataConnectionStackNestedStackConne-1OV4KL62Y9SA4 | 143 | 4:59:44 PM | CREATE_IN_PROGRESS | AWS::AppSync::FunctionConfiguration | data/amplifyData/ConnectionStack/RepositorydoraMetricsauth0Function/RepositorydoraMetricsauth0Function.AppSyncFunction (RepositorydoraMetricsauth0FunctionRepositorydoraMetricsauth0FunctionAppSyncFunction0DB91B57)
amplify-realtimecollab-nihal-sandbox-a128d3-amplifyDataConnectionStackNestedStackConne-1OV4KL62Y9SA4 | 143 | 4:59:45 PM | CREATE_IN_PROGRESS | AWS::AppSync::FunctionConfiguration | data/amplifyData/ConnectionStack/TeamdoraMetricsauth0Function/TeamdoraMetricsauth0Function.AppSyncFunction (TeamdoraMetricsauth0FunctionTeamdoraMetricsauth0FunctionAppSyncFunction9F2DFFAE) Resource creation Initiated
amplify-realtimecollab-nihal-sandbox-a128d3-amplifyDataConnectionStackNestedStackConne-1OV4KL62Y9SA4 | 143 | 4:59:45 PM | CREATE_IN_PROGRESS | AWS::AppSync::FunctionConfiguration | data/amplifyData/ConnectionStack/DoraMetricsteamauth0Function/DoraMetricsteamauth0Function.AppSyncFunction (DoraMetricsteamauth0FunctionDoraMetricsteamauth0FunctionAppSyncFunction6A5C868F) Resource creation Initiated
amplify-realtimecollab-nihal-sandbox-a128d3-amplifyDataConnectionStackNestedStackConne-1OV4KL62Y9SA4 | 143 | 4:59:45 PM | CREATE_IN_PROGRESS | AWS::AppSync::FunctionConfiguration | data/amplifyData/ConnectionStack/RepositoryDeploymentsDataResolverFn/RepositoryDeploymentsDataResolverFn.AppSyncFunction (RepositoryDeploymentsDataResolverFnRepositoryDeploymentsDataResolverFnAppSyncFunction22D723E4) Resource creation Initiated
amplify-realtimecollab-nihal-sandbox-a128d3-amplifyDataConnectionStackNestedStackConne-1OV4KL62Y9SA4 | 143 | 4:59:45 PM | CREATE_IN_PROGRESS | AWS::AppSync::FunctionConfiguration | data/amplifyData/ConnectionStack/DeploymentBuildDataResolverFn/DeploymentBuildDataResolverFn.AppSyncFunction (DeploymentBuildDataResolverFnDeploymentBuildDataResolverFnAppSyncFunction2A3AE48F) Resource creation Initiated
amplify-realtimecollab-nihal-sandbox-a128d3-amplifyDataConnectionStackNestedStackConne-1OV4KL62Y9SA4 | 143 | 4:59:45 PM | CREATE_IN_PROGRESS | AWS::AppSync::FunctionConfiguration | data/amplifyData/ConnectionStack/DeploymentRollbackFromDataResolverFn/DeploymentRollbackFromDataResolverFn.AppSyncFunction (DeploymentRollbackFromDataResolverFnDeploymentRollbackFromDataResolverFnAppSyncFunction3220371F) Resource creation Initiated
amplify-realtimecollab-nihal-sandbox-a128d3-amplifyDataConnectionStackNestedStackConne-1OV4KL62Y9SA4 | 143 | 4:59:45 PM | CREATE_IN_PROGRESS | AWS::AppSync::FunctionConfiguration | data/amplifyData/ConnectionStack/DoraMetricsrepositoryauth0Function/DoraMetricsrepositoryauth0Function.AppSyncFunction (DoraMetricsrepositoryauth0FunctionDoraMetricsrepositoryauth0FunctionAppSyncFunction45AAA2AD) Resource creation Initiated
amplify-realtimecollab-nihal-sandbox-a128d3-amplifyDataConnectionStackNestedStackConne-1OV4KL62Y9SA4 | 143 | 4:59:45 PM | CREATE_IN_PROGRESS | AWS::AppSync::FunctionConfiguration | data/amplifyData/ConnectionStack/DoraMetricsTeamDataResolverFn/DoraMetricsTeamDataResolverFn.AppSyncFunction (DoraMetricsTeamDataResolverFnDoraMetricsTeamDataResolverFnAppSyncFunctionD8DE2075) Resource creation Initiated
amplify-realtimecollab-nihal-sandbox-a128d3-amplifyDataConnectionStackNestedStackConne-1OV4KL62Y9SA4 | 143 | 4:59:45 PM | CREATE_IN_PROGRESS | AWS::AppSync::FunctionConfiguration | data/amplifyData/ConnectionStack/Deploymentrepositoryauth0Function/Deploymentrepositoryauth0Function.AppSyncFunction (Deploymentrepositoryauth0FunctionDeploymentrepositoryauth0FunctionAppSyncFunctionD6BB16C6) Resource creation Initiated
amplify-realtimecollab-nihal-sandbox-a128d3-amplifyDataConnectionStackNestedStackConne-1OV4KL62Y9SA4 | 143 | 4:59:45 PM | CREATE_IN_PROGRESS | AWS::AppSync::FunctionConfiguration | data/amplifyData/ConnectionStack/Deploymentbuildauth0Function/Deploymentbuildauth0Function.AppSyncFunction (Deploymentbuildauth0FunctionDeploymentbuildauth0FunctionAppSyncFunction9BF28515) Resource creation Initiated
amplify-realtimecollab-nihal-sandbox-a128d3-amplifyDataConnectionStackNestedStackConne-1OV4KL62Y9SA4 | 143 | 4:59:45 PM | CREATE_IN_PROGRESS | AWS::AppSync::FunctionConfiguration | data/amplifyData/ConnectionStack/RepositorydoraMetricsauth0Function/RepositorydoraMetricsauth0Function.AppSyncFunction (RepositorydoraMetricsauth0FunctionRepositorydoraMetricsauth0FunctionAppSyncFunction0DB91B57) Resource creation Initiated
amplify-realtimecollab-nihal-sandbox-a128d3-amplifyDataConnectionStackNestedStackConne-1OV4KL62Y9SA4 | 143 | 4:59:45 PM | CREATE_IN_PROGRESS | AWS::AppSync::FunctionConfiguration | data/amplifyData/ConnectionStack/RepositoryDoraMetricsDataResolverFn/RepositoryDoraMetricsDataResolverFn.AppSyncFunction (RepositoryDoraMetricsDataResolverFnRepositoryDoraMetricsDataResolverFnAppSyncFunction44D4BC32) Resource creation Initiated
amplify-realtimecollab-nihal-sandbox-a128d3-amplifyDataConnectionStackNestedStackConne-1OV4KL62Y9SA4 | 143 | 4:59:45 PM | CREATE_IN_PROGRESS | AWS::AppSync::FunctionConfiguration | data/amplifyData/ConnectionStack/Builddeploymentsauth0Function/Builddeploymentsauth0Function.AppSyncFunction (Builddeploymentsauth0FunctionBuilddeploymentsauth0FunctionAppSyncFunctionA6B805FC) Resource creation Initiated
amplify-realtimecollab-nihal-sandbox-a128d3-amplifyDataConnectionStackNestedStackConne-1OV4KL62Y9SA4 | 143 | 4:59:45 PM | CREATE_IN_PROGRESS | AWS::AppSync::FunctionConfiguration | data/amplifyData/ConnectionStack/DeploymentRepositoryDataResolverFn/DeploymentRepositoryDataResolverFn.AppSyncFunction (DeploymentRepositoryDataResolverFnDeploymentRepositoryDataResolverFnAppSyncFunctionBCC1A501) Resource creation Initiated
amplify-realtimecollab-nihal-sandbox-a128d3-amplifyDataConnectionStackNestedStackConne-1OV4KL62Y9SA4 | 143 | 4:59:45 PM | CREATE_IN_PROGRESS | AWS::AppSync::FunctionConfiguration | data/amplifyData/ConnectionStack/Repositorydeploymentsauth0Function/Repositorydeploymentsauth0Function.AppSyncFunction (Repositorydeploymentsauth0FunctionRepositorydeploymentsauth0FunctionAppSyncFunction7C75984F) Resource creation Initiated
amplify-realtimecollab-nihal-sandbox-a128d3-amplifyDataConnectionStackNestedStackConne-1OV4KL62Y9SA4 | 143 | 4:59:45 PM | CREATE_IN_PROGRESS | AWS::AppSync::FunctionConfiguration | data/amplifyData/ConnectionStack/DeploymentrollbackFromauth0Function/DeploymentrollbackFromauth0Function.AppSyncFunction (DeploymentrollbackFromauth0FunctionDeploymentrollbackFromauth0FunctionAppSyncFunction56D107DA) Resource creation Initiated
amplify-realtimecollab-nihal-sandbox-a128d3-amplifyDataConnectionStackNestedStackConne-1OV4KL62Y9SA4 | 143 | 4:59:45 PM | CREATE_IN_PROGRESS | AWS::AppSync::FunctionConfiguration | data/amplifyData/ConnectionStack/DoraMetricsRepositoryDataResolverFn/DoraMetricsRepositoryDataResolverFn.AppSyncFunction (DoraMetricsRepositoryDataResolverFnDoraMetricsRepositoryDataResolverFnAppSyncFunctionF2E904B8) Resource creation Initiated
amplify-realtimecollab-nihal-sandbox-a128d3-amplifyDataConnectionStackNestedStackConne-1OV4KL62Y9SA4 | 144 | 4:59:45 PM | CREATE_COMPLETE | AWS::AppSync::FunctionConfiguration | data/amplifyData/ConnectionStack/TeamdoraMetricsauth0Function/TeamdoraMetricsauth0Function.AppSyncFunction (TeamdoraMetricsauth0FunctionTeamdoraMetricsauth0FunctionAppSyncFunction9F2DFFAE)
amplify-realtimecollab-nihal-sandbox-a128d3-amplifyDataConnectionStackNestedStackConne-1OV4KL62Y9SA4 | 144 | 4:59:45 PM | CREATE_IN_PROGRESS | AWS::AppSync::FunctionConfiguration | data/amplifyData/ConnectionStack/TeamDoraMetricsDataResolverFn/TeamDoraMetricsDataResolverFn.AppSyncFunction (TeamDoraMetricsDataResolverFnTeamDoraMetricsDataResolverFnAppSyncFunction6A35F4C2) Resource creation Initiated
amplify-realtimecollab-nihal-sandbox-a128d3-amplifyDataConnectionStackNestedStackConne-1OV4KL62Y9SA4 | 145 | 4:59:45 PM | CREATE_COMPLETE | AWS::AppSync::FunctionConfiguration | data/amplifyData/ConnectionStack/RepositoryDeploymentsDataResolverFn/RepositoryDeploymentsDataResolverFn.AppSyncFunction (RepositoryDeploymentsDataResolverFnRepositoryDeploymentsDataResolverFnAppSyncFunction22D723E4)
amplify-realtimecollab-nihal-sandbox-a128d3-amplifyDataConnectionStackNestedStackConne-1OV4KL62Y9SA4 | 146 | 4:59:45 PM | CREATE_COMPLETE | AWS::AppSync::FunctionConfiguration | data/amplifyData/ConnectionStack/DeploymentBuildDataResolverFn/DeploymentBuildDataResolverFn.AppSyncFunction (DeploymentBuildDataResolverFnDeploymentBuildDataResolverFnAppSyncFunction2A3AE48F)
amplify-realtimecollab-nihal-sandbox-a128d3-amplifyDataConnectionStackNestedStackConne-1OV4KL62Y9SA4 | 146 | 4:59:45 PM | CREATE_IN_PROGRESS | AWS::AppSync::FunctionConfiguration | data/amplifyData/ConnectionStack/DeploymentRollbacksDataResolverFn/DeploymentRollbacksDataResolverFn.AppSyncFunction (DeploymentRollbacksDataResolverFnDeploymentRollbacksDataResolverFnAppSyncFunction6A731EF1) Resource creation Initiated
amplify-realtimecollab-nihal-sandbox-a128d3-amplifyDataConnectionStackNestedStackConne-1OV4KL62Y9SA4 | 147 | 4:59:45 PM | CREATE_COMPLETE | AWS::AppSync::FunctionConfiguration | data/amplifyData/ConnectionStack/DoraMetricsteamauth0Function/DoraMetricsteamauth0Function.AppSyncFunction (DoraMetricsteamauth0FunctionDoraMetricsteamauth0FunctionAppSyncFunction6A5C868F)
amplify-realtimecollab-nihal-sandbox-a128d3-amplifyDataConnectionStackNestedStackConne-1OV4KL62Y9SA4 | 148 | 4:59:45 PM | CREATE_COMPLETE | AWS::AppSync::FunctionConfiguration | data/amplifyData/ConnectionStack/DeploymentRollbackFromDataResolverFn/DeploymentRollbackFromDataResolverFn.AppSyncFunction (DeploymentRollbackFromDataResolverFnDeploymentRollbackFromDataResolverFnAppSyncFunction3220371F)
amplify-realtimecollab-nihal-sandbox-a128d3-amplifyDataConnectionStackNestedStackConne-1OV4KL62Y9SA4 | 148 | 4:59:45 PM | CREATE_IN_PROGRESS | AWS::AppSync::FunctionConfiguration | data/amplifyData/ConnectionStack/Deploymentrollbacksauth0Function/Deploymentrollbacksauth0Function.AppSyncFunction (Deploymentrollbacksauth0FunctionDeploymentrollbacksauth0FunctionAppSyncFunction3B734464) Resource creation Initiated
amplify-realtimecollab-nihal-sandbox-a128d3-amplifyDataConnectionStackNestedStackConne-1OV4KL62Y9SA4 | 149 | 4:59:45 PM | CREATE_COMPLETE | AWS::AppSync::FunctionConfiguration | data/amplifyData/ConnectionStack/DoraMetricsrepositoryauth0Function/DoraMetricsrepositoryauth0Function.AppSyncFunction (DoraMetricsrepositoryauth0FunctionDoraMetricsrepositoryauth0FunctionAppSyncFunction45AAA2AD)
amplify-realtimecollab-nihal-sandbox-a128d3-amplifyDataConnectionStackNestedStackConne-1OV4KL62Y9SA4 | 150 | 4:59:45 PM | CREATE_COMPLETE | AWS::AppSync::FunctionConfiguration | data/amplifyData/ConnectionStack/DoraMetricsTeamDataResolverFn/DoraMetricsTeamDataResolverFn.AppSyncFunction (DoraMetricsTeamDataResolverFnDoraMetricsTeamDataResolverFnAppSyncFunctionD8DE2075)
amplify-realtimecollab-nihal-sandbox-a128d3-amplifyDataConnectionStackNestedStackConne-1OV4KL62Y9SA4 | 151 | 4:59:45 PM | CREATE_COMPLETE | AWS::AppSync::FunctionConfiguration | data/amplifyData/ConnectionStack/Deploymentbuildauth0Function/Deploymentbuildauth0Function.AppSyncFunction (Deploymentbuildauth0FunctionDeploymentbuildauth0FunctionAppSyncFunction9BF28515)
amplify-realtimecollab-nihal-sandbox-a128d3-amplifyDataConnectionStackNestedStackConne-1OV4KL62Y9SA4 | 152 | 4:59:45 PM | CREATE_COMPLETE | AWS::AppSync::FunctionConfiguration | data/amplifyData/ConnectionStack/Deploymentrepositoryauth0Function/Deploymentrepositoryauth0Function.AppSyncFunction (Deploymentrepositoryauth0FunctionDeploymentrepositoryauth0FunctionAppSyncFunctionD6BB16C6)
amplify-realtimecollab-nihal-sandbox-a128d3-amplifyDataConnectionStackNestedStackConne-1OV4KL62Y9SA4 | 153 | 4:59:45 PM | CREATE_COMPLETE | AWS::AppSync::FunctionConfiguration | data/amplifyData/ConnectionStack/RepositorydoraMetricsauth0Function/RepositorydoraMetricsauth0Function.AppSyncFunction (RepositorydoraMetricsauth0FunctionRepositorydoraMetricsauth0FunctionAppSyncFunction0DB91B57)
amplify-realtimecollab-nihal-sandbox-a128d3-amplifyDataConnectionStackNestedStackConne-1OV4KL62Y9SA4 | 154 | 4:59:45 PM | CREATE_COMPLETE | AWS::AppSync::FunctionConfiguration | data/amplifyData/ConnectionStack/RepositoryDoraMetricsDataResolverFn/RepositoryDoraMetricsDataResolverFn.AppSyncFunction (RepositoryDoraMetricsDataResolverFnRepositoryDoraMetricsDataResolverFnAppSyncFunction44D4BC32)
amplify-realtimecollab-nihal-sandbox-a128d3-amplifyDataConnectionStackNestedStackConne-1OV4KL62Y9SA4 | 154 | 4:59:45 PM | CREATE_IN_PROGRESS | AWS::AppSync::FunctionConfiguration | data/amplifyData/ConnectionStack/BuildDeploymentsDataResolverFn/BuildDeploymentsDataResolverFn.AppSyncFunction (BuildDeploymentsDataResolverFnBuildDeploymentsDataResolverFnAppSyncFunction3FCFA749) Resource creation Initiated
amplify-realtimecollab-nihal-sandbox-a128d3-amplifyDataConnectionStackNestedStackConne-1OV4KL62Y9SA4 | 155 | 4:59:45 PM | CREATE_COMPLETE | AWS::AppSync::FunctionConfiguration | data/amplifyData/ConnectionStack/DeploymentrollbackFromauth0Function/DeploymentrollbackFromauth0Function.AppSyncFunction (DeploymentrollbackFromauth0FunctionDeploymentrollbackFromauth0FunctionAppSyncFunction56D107DA)
amplify-realtimecollab-nihal-sandbox-a128d3-amplifyDataConnectionStackNestedStackConne-1OV4KL62Y9SA4 | 156 | 4:59:45 PM | CREATE_COMPLETE | AWS::AppSync::FunctionConfiguration | data/amplifyData/ConnectionStack/DeploymentRepositoryDataResolverFn/DeploymentRepositoryDataResolverFn.AppSyncFunction (DeploymentRepositoryDataResolverFnDeploymentRepositoryDataResolverFnAppSyncFunctionBCC1A501)
amplify-realtimecollab-nihal-sandbox-a128d3-amplifyDataConnectionStackNestedStackConne-1OV4KL62Y9SA4 | 157 | 4:59:45 PM | CREATE_COMPLETE | AWS::AppSync::FunctionConfiguration | data/amplifyData/ConnectionStack/Builddeploymentsauth0Function/Builddeploymentsauth0Function.AppSyncFunction (Builddeploymentsauth0FunctionBuilddeploymentsauth0FunctionAppSyncFunctionA6B805FC)
amplify-realtimecollab-nihal-sandbox-a128d3-amplifyDataConnectionStackNestedStackConne-1OV4KL62Y9SA4 | 158 | 4:59:45 PM | CREATE_COMPLETE | AWS::AppSync::FunctionConfiguration | data/amplifyData/ConnectionStack/DoraMetricsRepositoryDataResolverFn/DoraMetricsRepositoryDataResolverFn.AppSyncFunction (DoraMetricsRepositoryDataResolverFnDoraMetricsRepositoryDataResolverFnAppSyncFunctionF2E904B8)
amplify-realtimecollab-nihal-sandbox-a128d3-amplifyDataConnectionStackNestedStackConne-1OV4KL62Y9SA4 | 159 | 4:59:45 PM | CREATE_COMPLETE | AWS::AppSync::FunctionConfiguration | data/amplifyData/ConnectionStack/TeamDoraMetricsDataResolverFn/TeamDoraMetricsDataResolverFn.AppSyncFunction (TeamDoraMetricsDataResolverFnTeamDoraMetricsDataResolverFnAppSyncFunction6A35F4C2)
amplify-realtimecollab-nihal-sandbox-a128d3-amplifyDataConnectionStackNestedStackConne-1OV4KL62Y9SA4 | 160 | 4:59:46 PM | CREATE_COMPLETE | AWS::AppSync::FunctionConfiguration | data/amplifyData/ConnectionStack/DeploymentRollbacksDataResolverFn/DeploymentRollbacksDataResolverFn.AppSyncFunction (DeploymentRollbacksDataResolverFnDeploymentRollbacksDataResolverFnAppSyncFunction6A731EF1)
amplify-realtimecollab-nihal-sandbox-a128d3-amplifyDataConnectionStackNestedStackConne-1OV4KL62Y9SA4 | 161 | 4:59:46 PM | CREATE_COMPLETE | AWS::AppSync::FunctionConfiguration | data/amplifyData/ConnectionStack/Repositorydeploymentsauth0Function/Repositorydeploymentsauth0Function.AppSyncFunction (Repositorydeploymentsauth0FunctionRepositorydeploymentsauth0FunctionAppSyncFunction7C75984F)
amplify-realtimecollab-nihal-sandbox-a128d3-amplifyDataConnectionStackNestedStackConne-1OV4KL62Y9SA4 | 162 | 4:59:46 PM | CREATE_COMPLETE | AWS::AppSync::FunctionConfiguration | data/amplifyData/ConnectionStack/Deploymentrollbacksauth0Function/Deploymentrollbacksauth0Function.AppSyncFunction (Deploymentrollbacksauth0FunctionDeploymentrollbacksauth0FunctionAppSyncFunction3B734464)
amplify-realtimecollab-nihal-sandbox-a128d3-amplifyDataConnectionStackNestedStackConne-1OV4KL62Y9SA4 | 163 | 4:59:46 PM | CREATE_COMPLETE | AWS::AppSync::FunctionConfiguration | data/amplifyData/ConnectionStack/BuildDeploymentsDataResolverFn/BuildDeploymentsDataResolverFn.AppSyncFunction (BuildDeploymentsDataResolverFnBuildDeploymentsDataResolverFnAppSyncFunction3FCFA749)
amplify-realtimecollab-nihal-sandbox-a128d3-amplifyDataConnectionStackNestedStackConne-1OV4KL62Y9SA4 | 163 | 4:59:47 PM | CREATE_IN_PROGRESS | AWS::AppSync::Resolver | data/amplifyData/ConnectionStack/deploymentRollbackFromResolver (DeploymentrollbackFromResolver)
amplify-realtimecollab-nihal-sandbox-a128d3-amplifyDataConnectionStackNestedStackConne-1OV4KL62Y9SA4 | 163 | 4:59:47 PM | CREATE_IN_PROGRESS | AWS::AppSync::Resolver | data/amplifyData/ConnectionStack/deploymentRepositoryResolver (DeploymentrepositoryResolver)
amplify-realtimecollab-nihal-sandbox-a128d3-amplifyDataConnectionStackNestedStackConne-1OV4KL62Y9SA4 | 163 | 4:59:47 PM | CREATE_IN_PROGRESS | AWS::AppSync::Resolver | data/amplifyData/ConnectionStack/doraMetricsRepositoryResolver (DoraMetricsrepositoryResolver)
amplify-realtimecollab-nihal-sandbox-a128d3-amplifyDataConnectionStackNestedStackConne-1OV4KL62Y9SA4 | 163 | 4:59:47 PM | CREATE_IN_PROGRESS | AWS::AppSync::Resolver | data/amplifyData/ConnectionStack/repositoryDoraMetricsResolver (RepositorydoraMetricsResolver)
amplify-realtimecollab-nihal-sandbox-a128d3-amplifyDataConnectionStackNestedStackConne-1OV4KL62Y9SA4 | 163 | 4:59:47 PM | CREATE_IN_PROGRESS | AWS::AppSync::Resolver | data/amplifyData/ConnectionStack/doraMetricsTeamResolver (DoraMetricsteamResolver)
amplify-realtimecollab-nihal-sandbox-a128d3-amplifyDataConnectionStackNestedStackConne-1OV4KL62Y9SA4 | 163 | 4:59:47 PM | CREATE_IN_PROGRESS | AWS::AppSync::Resolver | data/amplifyData/ConnectionStack/deploymentRollbacksResolver (DeploymentrollbacksResolver)
amplify-realtimecollab-nihal-sandbox-a128d3-amplifyDataConnectionStackNestedStackConne-1OV4KL62Y9SA4 | 163 | 4:59:47 PM | CREATE_IN_PROGRESS | AWS::AppSync::Resolver | data/amplifyData/ConnectionStack/teamDoraMetricsResolver (TeamdoraMetricsResolver)
amplify-realtimecollab-nihal-sandbox-a128d3-amplifyDataConnectionStackNestedStackConne-1OV4KL62Y9SA4 | 163 | 4:59:47 PM | CREATE_IN_PROGRESS | AWS::AppSync::Resolver | data/amplifyData/ConnectionStack/repositoryDeploymentsResolver (RepositorydeploymentsResolver)
amplify-realtimecollab-nihal-sandbox-a128d3-amplifyDataConnectionStackNestedStackConne-1OV4KL62Y9SA4 | 163 | 4:59:47 PM | CREATE_IN_PROGRESS | AWS::AppSync::Resolver | data/amplifyData/ConnectionStack/deploymentBuildResolver (DeploymentbuildResolver)
amplify-realtimecollab-nihal-sandbox-a128d3-amplifyDataConnectionStackNestedStackConne-1OV4KL62Y9SA4 | 163 | 4:59:47 PM | CREATE_IN_PROGRESS | AWS::AppSync::Resolver | data/amplifyData/ConnectionStack/buildDeploymentsResolver (BuilddeploymentsResolver)
amplify-realtimecollab-nihal-sandbox-a128d3-amplifyDataConnectionStackNestedStackConne-1OV4KL62Y9SA4 | 163 | 4:59:47 PM | CREATE_IN_PROGRESS | AWS::AppSync::Resolver | data/amplifyData/ConnectionStack/deploymentRepositoryResolver (DeploymentrepositoryResolver) Resource creation Initiated
amplify-realtimecollab-nihal-sandbox-a128d3-amplifyDataConnectionStackNestedStackConne-1OV4KL62Y9SA4 | 163 | 4:59:48 PM | CREATE_IN_PROGRESS | AWS::AppSync::Resolver | data/amplifyData/ConnectionStack/doraMetricsRepositoryResolver (DoraMetricsrepositoryResolver) Resource creation Initiated
amplify-realtimecollab-nihal-sandbox-a128d3-amplifyDataConnectionStackNestedStackConne-1OV4KL62Y9SA4 | 163 | 4:59:48 PM | CREATE_IN_PROGRESS | AWS::AppSync::Resolver | data/amplifyData/ConnectionStack/repositoryDoraMetricsResolver (RepositorydoraMetricsResolver) Resource creation Initiated
amplify-realtimecollab-nihal-sandbox-a128d3-amplifyDataConnectionStackNestedStackConne-1OV4KL62Y9SA4 | 163 | 4:59:48 PM | CREATE_IN_PROGRESS | AWS::AppSync::Resolver | data/amplifyData/ConnectionStack/doraMetricsTeamResolver (DoraMetricsteamResolver) Resource creation Initiated
amplify-realtimecollab-nihal-sandbox-a128d3-amplifyDataConnectionStackNestedStackConne-1OV4KL62Y9SA4 | 163 | 4:59:48 PM | CREATE_IN_PROGRESS | AWS::AppSync::Resolver | data/amplifyData/ConnectionStack/deploymentRollbackFromResolver (DeploymentrollbackFromResolver) Resource creation Initiated
amplify-realtimecollab-nihal-sandbox-a128d3-amplifyDataConnectionStackNestedStackConne-1OV4KL62Y9SA4 | 163 | 4:59:48 PM | CREATE_IN_PROGRESS | AWS::AppSync::Resolver | data/amplifyData/ConnectionStack/deploymentRollbacksResolver (DeploymentrollbacksResolver) Resource creation Initiated
amplify-realtimecollab-nihal-sandbox-a128d3-amplifyDataConnectionStackNestedStackConne-1OV4KL62Y9SA4 | 163 | 4:59:48 PM | CREATE_IN_PROGRESS | AWS::AppSync::Resolver | data/amplifyData/ConnectionStack/teamDoraMetricsResolver (TeamdoraMetricsResolver) Resource creation Initiated
amplify-realtimecollab-nihal-sandbox-a128d3-amplifyDataConnectionStackNestedStackConne-1OV4KL62Y9SA4 | 163 | 4:59:48 PM | CREATE_IN_PROGRESS | AWS::AppSync::Resolver | data/amplifyData/ConnectionStack/repositoryDeploymentsResolver (RepositorydeploymentsResolver) Resource creation Initiated
amplify-realtimecollab-nihal-sandbox-a128d3-amplifyDataConnectionStackNestedStackConne-1OV4KL62Y9SA4 | 163 | 4:59:48 PM | CREATE_IN_PROGRESS | AWS::AppSync::Resolver | data/amplifyData/ConnectionStack/deploymentBuildResolver (DeploymentbuildResolver) Resource creation Initiated
amplify-realtimecollab-nihal-sandbox-a128d3-amplifyDataConnectionStackNestedStackConne-1OV4KL62Y9SA4 | 163 | 4:59:48 PM | CREATE_IN_PROGRESS | AWS::AppSync::Resolver | data/amplifyData/ConnectionStack/buildDeploymentsResolver (BuilddeploymentsResolver) Resource creation Initiated
amplify-realtimecollab-nihal-sandbox-a128d3-amplifyDataConnectionStackNestedStackConne-1OV4KL62Y9SA4 | 164 | 4:59:49 PM | CREATE_COMPLETE | AWS::AppSync::Resolver | data/amplifyData/ConnectionStack/doraMetricsRepositoryResolver (DoraMetricsrepositoryResolver)
amplify-realtimecollab-nihal-sandbox-a128d3-amplifyDataConnectionStackNestedStackConne-1OV4KL62Y9SA4 | 165 | 4:59:49 PM | CREATE_COMPLETE | AWS::AppSync::Resolver | data/amplifyData/ConnectionStack/repositoryDoraMetricsResolver (RepositorydoraMetricsResolver)
amplify-realtimecollab-nihal-sandbox-a128d3-amplifyDataConnectionStackNestedStackConne-1OV4KL62Y9SA4 | 166 | 4:59:49 PM | CREATE_COMPLETE | AWS::AppSync::Resolver | data/amplifyData/ConnectionStack/doraMetricsTeamResolver (DoraMetricsteamResolver)
amplify-realtimecollab-nihal-sandbox-a128d3-amplifyDataConnectionStackNestedStackConne-1OV4KL62Y9SA4 | 167 | 4:59:49 PM | CREATE_COMPLETE | AWS::AppSync::Resolver | data/amplifyData/ConnectionStack/deploymentRepositoryResolver (DeploymentrepositoryResolver)
amplify-realtimecollab-nihal-sandbox-a128d3-amplifyDataConnectionStackNestedStackConne-1OV4KL62Y9SA4 | 168 | 4:59:49 PM | CREATE_COMPLETE | AWS::AppSync::Resolver | data/amplifyData/ConnectionStack/deploymentRollbacksResolver (DeploymentrollbacksResolver)
amplify-realtimecollab-nihal-sandbox-a128d3-amplifyDataConnectionStackNestedStackConne-1OV4KL62Y9SA4 | 169 | 4:59:49 PM | CREATE_COMPLETE | AWS::AppSync::Resolver | data/amplifyData/ConnectionStack/repositoryDeploymentsResolver (RepositorydeploymentsResolver)
amplify-realtimecollab-nihal-sandbox-a128d3-amplifyDataConnectionStackNestedStackConne-1OV4KL62Y9SA4 | 170 | 4:59:49 PM | CREATE_COMPLETE | AWS::AppSync::Resolver | data/amplifyData/ConnectionStack/teamDoraMetricsResolver (TeamdoraMetricsResolver)
amplify-realtimecollab-nihal-sandbox-a128d3-amplifyDataConnectionStackNestedStackConne-1OV4KL62Y9SA4 | 171 | 4:59:50 PM | CREATE_COMPLETE | AWS::AppSync::Resolver | data/amplifyData/ConnectionStack/deploymentBuildResolver (DeploymentbuildResolver)
amplify-realtimecollab-nihal-sandbox-a128d3-amplifyDataConnectionStackNestedStackConne-1OV4KL62Y9SA4 | 172 | 4:59:50 PM | CREATE_COMPLETE | AWS::AppSync::Resolver | data/amplifyData/ConnectionStack/buildDeploymentsResolver (BuilddeploymentsResolver)
amplify-realtimecollab-nihal-sandbox-a128d3-amplifyDataConnectionStackNestedStackConne-1OV4KL62Y9SA4 | 173 | 4:59:50 PM | CREATE_COMPLETE | AWS::AppSync::Resolver | data/amplifyData/ConnectionStack/deploymentRollbackFromResolver (DeploymentrollbackFromResolver)
amplify-realtimecollab-nihal-sandbox-a128d37061 | 174 | 4:59:51 PM | CREATE_COMPLETE | AWS::CloudFormation::Stack | DoraMetricsSchedule.NestedStack/DoraMetricsSchedule.NestedStackResource (DoraMetricsScheduleC5215DBF)
amplify-realtimecollab-nihal-sandbox-a128d3-amplifyDataConnectionStackNestedStackConne-1OV4KL62Y9SA4 | 175 | 4:59:52 PM | UPDATE_COMPLETE_CLEANUP_IN_PROGRESS | AWS::CloudFormation::Stack | amplify-realtimecollab-nihal-sandbox-a128d3-amplifyDataConnectionStackNestedStackConne-1OV4KL62Y9SA4
amplify-realtimecollab-nihal-sandbox-a128d37061-data7552DF31-8IQXOVAWUOV | 176 | 4:59:59 PM | UPDATE_COMPLETE | AWS::CloudFormation::Stack | data/amplifyData/ConnectionStack.NestedStack/ConnectionStack.NestedStackResource (amplifyDataConnectionStackNestedStackConnectionStackNestedStackResourceAB0F312B)
amplify-realtimecollab-nihal-sandbox-a128d37061-data7552DF31-8IQXOVAWUOV | 177 | 5:00:01 PM | UPDATE_COMPLETE_CLEANUP_IN_PROGRESS | AWS::CloudFormation::Stack | amplify-realtimecollab-nihal-sandbox-a128d37061-data7552DF31-8IQXOVAWUOV
amplify-realtimecollab-nihal-sandbox-a128d37061 | 178 | 5:00:14 PM | UPDATE_COMPLETE | AWS::CloudFormation::Stack | data.NestedStack/data.NestedStackResource (data7552DF31)
amplify-realtimecollab-nihal-sandbox-a128d37061 | 179 | 5:00:15 PM | UPDATE_COMPLETE_CLEANUP_IN_PROGRESS | AWS::CloudFormation::Stack | amplify-realtimecollab-nihal-sandbox-a128d37061
amplify-realtimecollab-nihal-sandbox-a128d37061-function1351588B-K477SFBL2QXG | 180 | 5:00:17 PM | UPDATE_COMPLETE | AWS::CloudFormation::Stack | amplify-realtimecollab-nihal-sandbox-a128d37061-function1351588B-K477SFBL2QXG
amplify-realtimecollab-nihal-sandbox-a128d37061-data7552DF31-8IQXOVAWUOV | 179 | 5:00:18 PM | UPDATE_COMPLETE | AWS::CloudFormation::Stack | data/amplifyData/FunctionDirectiveStack.NestedStack/FunctionDirectiveStack.NestedStackResource (amplifyDataFunctionDirectiveStackNestedStackFunctionDirectiveStackNestedStackResource1246A302)
amplify-realtimecollab-nihal-sandbox-a128d3-amplifyDataConnectionStackNestedStackConne-1OV4KL62Y9SA4 | 180 | 5:00:19 PM | UPDATE_COMPLETE | AWS::CloudFormation::Stack | amplify-realtimecollab-nihal-sandbox-a128d3-amplifyDataConnectionStackNestedStackConne-1OV4KL62Y9SA4
amplify-realtimecollab-nihal-sandbox-a128d37061 | 179 | 5:00:27 PM | UPDATE_COMPLETE | AWS::CloudFormation::Stack | function.NestedStack/function.NestedStackResource (function1351588B)
amplify-realtimecollab-nihal-sandbox-a128d37061-data7552DF31-8IQXOVAWUOV | 178 | 5:00:28 PM | UPDATE_COMPLETE | AWS::CloudFormation::Stack | data/amplifyData/ConnectionStack.NestedStack/ConnectionStack.NestedStackResource (amplifyDataConnectionStackNestedStackConnectionStackNestedStackResourceAB0F312B)
amplify-realtimecollab-nihal-sandbox-a128d37061-data7552DF31-8IQXOVAWUOV | 177 | 5:00:29 PM | UPDATE_COMPLETE | AWS::CloudFormation::Stack | data/amplifyData/AICodeReview.NestedStack/AICodeReview.NestedStackResource (amplifyDataAICodeReviewNestedStackAICodeReviewNestedStackResource50DAB5B8)
amplify-realtimecollab-nihal-sandbox-a128d37061-data7552DF31-8IQXOVAWUOV | 176 | 5:00:29 PM | UPDATE_COMPLETE | AWS::CloudFormation::Stack | data/amplifyData/DeveloperWellnessMetrics.NestedStack/DeveloperWellnessMetrics.NestedStackResource (amplifyDataDeveloperWellnessMetricsNestedStackDeveloperWellnessMetricsNestedStackResourceAF553B15)
amplify-realtimecollab-nihal-sandbox-a128d37061-data7552DF31-8IQXOVAWUOV | 175 | 5:00:29 PM | UPDATE_COMPLETE | AWS::CloudFormation::Stack | data/amplifyData/PullRequest.NestedStack/PullRequest.NestedStackResource (amplifyDataPullRequestNestedStackPullRequestNestedStackResourceC718EFEF)
amplify-realtimecollab-nihal-sandbox-a128d37061-data7552DF31-8IQXOVAWUOV | 174 | 5:00:29 PM | UPDATE_COMPLETE | AWS::CloudFormation::Stack | data/amplifyData/TeamInvitation.NestedStack/TeamInvitation.NestedStackResource (amplifyDataTeamInvitationNestedStackTeamInvitationNestedStackResource25DEA7B2)
amplify-realtimecollab-nihal-sandbox-a128d37061-data7552DF31-8IQXOVAWUOV | 173 | 5:00:29 PM | UPDATE_COMPLETE | AWS::CloudFormation::Stack | data/amplifyData/OnboardingProgress.NestedStack/OnboardingProgress.NestedStackResource (amplifyDataOnboardingProgressNestedStackOnboardingProgressNestedStackResourceEA27322E)
amplify-realtimecollab-nihal-sandbox-a128d37061-data7552DF31-8IQXOVAWUOV | 172 | 5:00:29 PM | UPDATE_COMPLETE | AWS::CloudFormation::Stack | data/amplifyData/TeamMember.NestedStack/TeamMember.NestedStackResource (amplifyDataTeamMemberNestedStackTeamMemberNestedStackResourceC4408E76)
amplify-realtimecollab-nihal-sandbox-a128d37061-data7552DF31-8IQXOVAWUOV | 171 | 5:00:29 PM | UPDATE_COMPLETE | AWS::CloudFormation::Stack | data/amplifyData/SlackNotificationSettings.NestedStack/SlackNotificationSettings.NestedStackResource (amplifyDataSlackNotificationSettingsNestedStackSlackNotificationSettingsNestedStackResource1588122F)
amplify-realtimecollab-nihal-sandbox-a128d37061-data7552DF31-8IQXOVAWUOV | 170 | 5:00:29 PM | UPDATE_COMPLETE | AWS::CloudFormation::Stack | data/amplifyData/Activity.NestedStack/Activity.NestedStackResource (amplifyDataActivityNestedStackActivityNestedStackResource65BDA8C7)
amplify-realtimecollab-nihal-sandbox-a128d37061-data7552DF31-8IQXOVAWUOV | 169 | 5:00:29 PM | UPDATE_COMPLETE | AWS::CloudFormation::Stack | data/amplifyData/User.NestedStack/User.NestedStackResource (amplifyDataUserNestedStackUserNestedStackResource9488907F)
amplify-realtimecollab-nihal-sandbox-a128d37061-data7552DF31-8IQXOVAWUOV | 168 | 5:00:29 PM | UPDATE_COMPLETE | AWS::CloudFormation::Stack | data/amplifyData/SlackIntegration.NestedStack/SlackIntegration.NestedStackResource (amplifyDataSlackIntegrationNestedStackSlackIntegrationNestedStackResourceB6785AEF)
amplify-realtimecollab-nihal-sandbox-a128d37061-data7552DF31-8IQXOVAWUOV | 167 | 5:00:29 PM | UPDATE_COMPLETE | AWS::CloudFormation::Stack | data/amplifyData/TeamSubscription.NestedStack/TeamSubscription.NestedStackResource (amplifyDataTeamSubscriptionNestedStackTeamSubscriptionNestedStackResourceD3EF1DBA)
amplify-realtimecollab-nihal-sandbox-a128d37061-data7552DF31-8IQXOVAWUOV | 166 | 5:00:29 PM | UPDATE_COMPLETE | AWS::CloudFormation::Stack | data/amplifyData/WellnessInsight.NestedStack/WellnessInsight.NestedStackResource (amplifyDataWellnessInsightNestedStackWellnessInsightNestedStackResource4AA51913)
amplify-realtimecollab-nihal-sandbox-a128d3-amplifyDataBuildNestedStackBuildNestedStac-1O4H0R8Y1ZC8E | 167 | 5:00:30 PM | UPDATE_COMPLETE | AWS::CloudFormation::Stack | amplify-realtimecollab-nihal-sandbox-a128d3-amplifyDataBuildNestedStackBuildNestedStac-1O4H0R8Y1ZC8E
amplify-realtimecollab-nihal-sandbox-a128d3-amplifyDataTeamNestedStackTeamNestedStackR-18IFBN5O9RODO | 168 | 5:00:30 PM | UPDATE_COMPLETE | AWS::CloudFormation::Stack | amplify-realtimecollab-nihal-sandbox-a128d3-amplifyDataTeamNestedStackTeamNestedStackR-18IFBN5O9RODO
amplify-realtimecollab-nihal-sandbox-a128d3-amplifyDataRepositoryNestedStackRepository-G746WCW6AA2C | 169 | 5:00:30 PM | UPDATE_COMPLETE | AWS::CloudFormation::Stack | amplify-realtimecollab-nihal-sandbox-a128d3-amplifyDataRepositoryNestedStackRepository-G746WCW6AA2C
amplify-realtimecollab-nihal-sandbox-a128d37061-data7552DF31-8IQXOVAWUOV | 168 | 5:00:39 PM | UPDATE_COMPLETE | AWS::CloudFormation::Stack | data/amplifyData/Team.NestedStack/Team.NestedStackResource (amplifyDataTeamNestedStackTeamNestedStackResource39C028EF)
amplify-realtimecollab-nihal-sandbox-a128d37061-data7552DF31-8IQXOVAWUOV | 167 | 5:00:39 PM | UPDATE_COMPLETE | AWS::CloudFormation::Stack | data/amplifyData/Build.NestedStack/Build.NestedStackResource (amplifyDataBuildNestedStackBuildNestedStackResourceF3C9361E)
amplify-realtimecollab-nihal-sandbox-a128d37061-data7552DF31-8IQXOVAWUOV | 166 | 5:00:39 PM | UPDATE_COMPLETE | AWS::CloudFormation::Stack | data/amplifyData/Repository.NestedStack/Repository.NestedStackResource (amplifyDataRepositoryNestedStackRepositoryNestedStackResourceE39910F2)
amplify-realtimecollab-nihal-sandbox-a128d37061-data7552DF31-8IQXOVAWUOV | 165 | 5:00:40 PM | UPDATE_COMPLETE | AWS::CloudFormation::Stack | data/amplifyData/AmplifyTableManager.NestedStack/AmplifyTableManager.NestedStackResource (amplifyDataAmplifyTableManagerNestedStackAmplifyTableManagerNestedStackResource86290833)
amplify-realtimecollab-nihal-sandbox-a128d37061-data7552DF31-8IQXOVAWUOV | 166 | 5:00:40 PM | UPDATE_COMPLETE | AWS::CloudFormation::Stack | amplify-realtimecollab-nihal-sandbox-a128d37061-data7552DF31-8IQXOVAWUOV
amplify-realtimecollab-nihal-sandbox-a128d37061 | 165 | 5:00:50 PM | UPDATE_COMPLETE | AWS::CloudFormation::Stack | data.NestedStack/data.NestedStackResource (data7552DF31)
amplify-realtimecollab-nihal-sandbox-a128d37061 | 164 | 5:00:51 PM | UPDATE_COMPLETE | AWS::CloudFormation::Stack | auth.NestedStack/auth.NestedStackResource (auth179371D7)
amplify-realtimecollab-nihal-sandbox-a128d37061 | 165 | 5:00:51 PM | UPDATE_COMPLETE | AWS::CloudFormation::Stack | amplify-realtimecollab-nihal-sandbox-a128d37061
5:00:52 PM ✔ Deployment completed in 187.722 seconds
5:00:52 PM AppSync API endpoint = https://xjdkg2nj5vc2hfpwcvcwjpmjwi.appsync-api.us-east-1.amazonaws.com/graphql
5:00:52 PM [Sandbox] Watching for file changes...
5:00:53 PM File written: amplify_outputs.json
